sub,ses,task,edf_start,edf_duration_s,edf_n_signals,edf_fs,json_fs,json_duration_s,n_events,first_event_s,last_event_s,ecg_exists,button_exists,ecg_fs,ecg_duration_s,ecg_start_declared
sub-001,ses-01,activemotor,2024-02-11 11:51:14,215.999136,33,250.00100000400002,250.0009023984434,215.999136,19,25.0,199.0,True,False,1882.453362622982,215.00027997297002,0.0
sub-001,ses-01,full,2024-02-12 10:30:06,215.999136,33,250.00100000400002,250.0009023984434,215.999136,73,25.0,203.5,True,False,1882.453362622982,215.00027997297002,0.0
sub-001,ses-01,mentalarithmetic,2024-02-12 08:26:10,215.999136,33,250.00100000400002,250.0009023984434,215.999136,73,25.0,203.5,True,False,1882.453362622982,215.00027997297002,0.0
sub-001,ses-01,motorimagery,2023-12-14 17:39:56,215.999136,33,250.00100000400002,250.0009023984434,215.999136,19,25.0,200.0,True,False,1882.453362622982,215.00027997297002,0.0
sub-001,ses-01,nback,2023-12-12 11:40:42,215.999136,33,250.00100000400002,250.0009023984434,215.999136,121,25.0,204.5,True,True,1882.453362622982,215.00027997297002,0.0
sub-001,ses-01,nbackarithmetic,2024-02-12 09:25:33,215.999136,33,250.00100000400002,250.0009023984434,215.999136,73,25.0,203.5,True,True,1882.453362622982,215.00027997297002,0.0
sub-001,ses-01,passivemotor,2024-02-19 11:15:37,215.999136,33,250.00100000400002,250.0009023984434,215.999136,19,25.0,194.0,True,False,1882.453362622982,215.00027997297002,0.0
sub-001,ses-02,activemotor,2024-02-11 12:19:41,215.99892,33,250.00125000625005,250.00119525819466,215.99892,19,25.0,197.0,True,False,1879.7564884669637,215.00018884339806,0.0
sub-001,ses-02,full,2024-02-12 10:30:35,215.99892,33,250.00125000625005,250.00119525819466,215.99892,73,25.0,203.5,True,False,1879.7564884669637,215.00018884339806,0.0
sub-001,ses-02,mentalarithmetic,2024-02-14 16:58:45,215.99892,33,250.00125000625005,250.00119525819466,215.99892,73,25.0,203.5,True,False,1879.7564884669637,215.00018884339806,0.0
sub-001,ses-02,motorimagery,2023-12-14 17:42:16,215.99892,33,250.00125000625005,250.00119525819466,215.99892,19,25.0,198.0,True,False,1879.7564884669637,215.00018884339806,0.0
sub-001,ses-02,nback,2023-12-12 11:57:02,215.99892,33,250.00125000625005,250.00119525819466,215.99892,121,25.0,204.5,True,True,1879.7564884669637,215.00018884339806,0.0
sub-001,ses-02,nbackarithmetic,2024-02-12 09:26:02,215.99892,33,250.00125000625005,250.00119525819466,215.99892,73,25.0,203.5,True,True,1879.7564884669637,215.00018884339806,0.0
sub-001,ses-02,passivemotor,2024-02-19 11:24:03,215.99892,33,250.00125000625005,250.00119525819466,215.99892,19,25.0,194.0,True,False,1879.7564884669637,215.00018884339806,0.0
sub-001,ses-03,activemotor,2024-02-11 12:28:09,215.999352,33,250.00075000225,250.0006486478473,215.99935200000002,19,25.0,199.0,True,False,1865.518587671144,215.00026997892564,0.0
sub-001,ses-03,mentalarithmetic,2024-02-14 16:59:37,215.999352,33,250.00075000225,250.0006486478473,215.99935200000002,73,25.0,203.5,True,False,1865.518587671144,215.00026997892564,0.0
sub-001,ses-03,motorimagery,2023-12-14 17:42:57,215.999352,33,250.00075000225,250.0006486478473,215.99935200000002,19,25.0,198.0,True,False,1865.518587671144,215.00026997892564,0.0
sub-001,ses-03,nback,2023-12-12 11:58:28,215.999352,33,250.00075000225,250.0006486478473,215.99935200000002,121,25.0,204.5,True,True,1865.518587671144,215.00026997892564,0.0
sub-001,ses-03,nbackarithmetic,2024-02-12 09:26:30,215.999352,33,250.00075000225,250.0006486478473,215.99935200000002,73,25.0,203.5,True,True,1865.518587671144,215.00026997892564,0.0
sub-001,ses-03,passivemotor,2024-02-19 11:29:12,215.999352,33,250.00075000225,250.0006486478473,215.99935200000002,19,25.0,194.0,True,False,1865.518587671144,215.00026997892564,0.0
sub-002,ses-01,activemotor,2024-02-11 12:34:38,215.999136,33,250.00100000400002,250.0009635339967,215.999136,19,25.0,199.0,True,False,1896.523892213537,215.00019149460286,0.0
sub-002,ses-01,full,2024-02-12 10:31:22,215.999136,33,250.00100000400002,250.0009635339967,215.999136,73,25.0,203.5,True,False,1896.523892213537,215.00019149460286,0.0
sub-002,ses-01,mentalarithmetic,2024-02-12 08:27:32,215.999136,33,250.00100000400002,250.0009635339967,215.999136,73,25.0,203.5,True,False,1896.523892213537,215.00019149460286,0.0
sub-002,ses-01,motorimagery,2023-12-14 17:43:49,215.999136,33,250.00100000400002,250.0009635339967,215.999136,19,25.0,200.0,True,False,1896.523892213537,215.00019149460286,0.0
sub-002,ses-01,nback,2023-12-12 11:59:42,215.999136,33,250.00100000400002,250.0009635339967,215.999136,121,25.0,204.5,True,True,1896.523892213537,215.00019149460286,0.0
sub-002,ses-01,nbackarithmetic,2024-02-12 09:27:00,215.999136,33,250.00100000400002,250.0009635339967,215.999136,73,25.0,203.5,True,True,1896.523892213537,215.00019149460286,0.0
sub-002,ses-01,passivemotor,2024-02-19 11:30:20,215.999136,33,250.00100000400002,250.0009635339967,215.999136,19,25.0,194.0,True,False,1896.523892213537,215.00019149460286,0.0
sub-002,ses-02,activemotor,2024-02-11 12:40:18,215.999136,33,250.00100000400002,250.00092087268928,215.999136,19,25.0,197.0,True,False,1932.793855536295,215.00016611171213,0.0
sub-002,ses-02,full,2024-02-12 10:31:50,215.999136,33,250.00100000400002,250.00092087268928,215.999136,73,25.0,203.5,True,False,1932.793855536295,215.00016611171213,0.0
sub-002,ses-02,mentalarithmetic,2024-02-14 17:01:01,215.999136,33,250.00100000400002,250.00092087268928,215.999136,73,25.0,203.5,True,False,1932.793855536295,215.00016611171213,0.0
sub-002,ses-02,motorimagery,2023-12-14 17:44:38,215.999136,33,250.00100000400002,250.00092087268928,215.999136,19,25.0,198.0,True,False,1932.793855536295,215.00016611171213,0.0
sub-002,ses-02,nback,2023-12-12 12:00:21,215.999136,33,250.00100000400002,250.00092087268928,215.999136,121,25.0,204.5,True,True,1932.793855536295,215.00016611171213,0.0
sub-002,ses-02,nbackarithmetic,2024-02-12 09:27:29,215.999136,33,250.00100000400002,250.00092087268928,215.999136,73,25.0,203.5,True,True,1932.793855536295,215.00016611171213,0.0
sub-002,ses-02,passivemotor,2024-02-19 11:31:23,215.999136,33,250.00100000400002,250.00092087268928,215.999136,19,25.0,194.0,True,False,1932.793855536295,215.00016611171213,0.0
sub-002,ses-03,activemotor,2024-02-11 12:45:03,215.999352,33,250.00075000225,250.00074721488596,215.99935200000002,19,25.0,199.0,True,False,1935.124979241626,215.0000669016481,0.0
sub-002,ses-03,full,2024-02-12 10:32:17,215.999352,33,250.00075000225,250.00074721488596,215.99935200000002,73,25.0,203.5,True,False,1935.124979241626,215.0000669016481,0.0
sub-002,ses-03,mentalarithmetic,2024-02-14 17:01:34,215.999352,33,250.00075000225,250.00074721488596,215.99935200000002,73,25.0,203.5,True,False,1935.124979241626,215.0000669016481,0.0
sub-002,ses-03,motorimagery,2023-12-14 18:07:27,215.999352,33,250.00075000225,250.00074721488596,215.99935200000002,19,25.0,198.0,True,False,1935.124979241626,215.0000669016481,0.0
sub-002,ses-03,nback,2023-12-12 12:01:02,215.999352,33,250.00075000225,250.00074721488596,215.99935200000002,121,25.0,204.5,True,True,1935.124979241626,215.0000669016481,0.0
sub-002,ses-03,nbackarithmetic,2024-02-12 09:27:56,215.999352,33,250.00075000225,250.00074721488596,215.99935200000002,73,25.0,203.5,True,True,1935.124979241626,215.0000669016481,0.0
sub-003,ses-01,activemotor,2024-02-11 12:48:26,215.998272,33,250.00200001600012,250.00197788831903,215.99827200000001,19,25.0,199.0,True,False,1986.7995071690684,215.00005333132503,0.0
sub-003,ses-01,full,2024-02-12 10:32:44,215.998272,33,250.00200001600012,250.00197788831903,215.99827200000001,73,25.0,203.5,True,False,1986.7995071690684,215.00005333132503,0.0
sub-003,ses-01,mentalarithmetic,2024-02-14 17:02:06,215.998272,33,250.00200001600012,250.00197788831903,215.99827200000001,73,25.0,203.5,True,False,1986.7995071690684,215.00005333132503,0.0
sub-003,ses-01,motorimagery,2023-12-14 18:08:05,215.998272,33,250.00200001600012,250.00197788831903,215.99827200000001,19,25.0,200.0,True,False,1986.7995071690684,215.00005333132503,0.0
sub-003,ses-01,nback,2023-12-12 12:02:58,215.998272,33,250.00200001600012,250.00197788831903,215.99827200000001,121,25.0,204.5,False,True,,,
sub-003,ses-01,nbackarithmetic,2024-02-12 09:28:23,215.998272,33,250.00200001600012,250.00197788831903,215.99827200000001,73,25.0,203.5,True,True,1986.7995071690684,215.00005333132503,0.0
sub-003,ses-01,passivemotor,2024-02-19 11:33:18,215.998272,33,250.00200001600012,250.00197788831903,215.99827200000001,19,25.0,194.0,True,False,1986.7995071690684,215.00005333132503,0.0
sub-003,ses-02,activemotor,2024-02-14 15:50:56,215.999352,33,250.00075000225,250.00077165770458,215.99935200000002,19,25.0,197.0,True,False,1974.7547362163991,215.0003705338495,0.0
sub-003,ses-02,full,2024-02-12 10:33:11,215.999352,33,250.00075000225,250.00077165770458,215.99935200000002,73,25.0,203.5,True,False,1974.7547362163991,215.0003705338495,0.0
sub-003,ses-02,mentalarithmetic,2024-02-12 08:29:15,215.999352,33,250.00075000225,250.00077165770458,215.99935200000002,73,25.0,203.5,True,False,1974.7547362163991,215.0003705338495,0.0
sub-003,ses-02,motorimagery,2023-12-14 18:08:37,215.999352,33,250.00075000225,250.00077165770458,215.99935200000002,19,25.0,198.0,True,False,1974.7547362163991,215.0003705338495,0.0
sub-003,ses-02,nback,2023-12-12 12:04:27,215.999352,33,250.00075000225,250.00077165770458,215.99935200000002,121,25.0,204.5,True,True,1974.7547362163991,215.0003705338495,0.0
sub-003,ses-02,passivemotor,2024-02-19 11:34:21,215.999352,33,250.00075000225,250.00077165770458,215.99935200000002,19,25.0,194.0,True,False,1974.7547362163991,215.0003705338495,0.0
sub-003,ses-03,activemotor,2024-02-14 15:51:30,215.999568,33,250.00050000099998,250.0003892134066,215.999568,19,25.0,199.0,True,False,1978.21043727837,215.0003821560822,0.0
sub-003,ses-03,full,2024-02-12 10:33:40,215.999568,33,250.00050000099998,250.0003892134066,215.999568,73,25.0,203.5,True,False,1978.21043727837,215.0003821560822,0.0
sub-003,ses-03,mentalarithmetic,2024-02-12 08:29:43,215.999568,33,250.00050000099998,250.0003892134066,215.999568,73,25.0,203.5,True,False,1978.21043727837,215.0003821560822,0.0
sub-003,ses-03,motorimagery,2023-12-14 18:09:12,215.999568,33,250.00050000099998,250.0003892134066,215.999568,19,25.0,198.0,True,False,1978.21043727837,215.0003821560822,0.0
sub-003,ses-03,nback,2023-12-12 12:05:03,215.999568,33,250.00050000099998,250.0003892134066,215.999568,121,25.0,204.5,True,True,1978.21043727837,215.0003821560822,0.0
sub-003,ses-03,nbackarithmetic,2024-02-12 09:28:51,215.999568,33,250.00050000099998,250.0003892134066,215.999568,73,25.0,203.5,True,True,1978.21043727837,215.0003821560822,0.0
sub-003,ses-03,passivemotor,2024-02-19 11:35:46,215.999568,33,250.00050000099998,250.0003892134066,215.999568,19,25.0,194.0,True,False,1978.21043727837,215.0003821560822,0.0
sub-004,ses-01,activemotor,2024-02-14 15:52:06,215.999784,33,250.00025000025002,250.0001952063645,215.99978399999998,19,25.0,199.0,True,False,1976.6442273945045,215.00024845653797,0.0
sub-004,ses-01,full,2024-02-12 10:34:11,215.999784,33,250.00025000025002,250.0001952063645,215.99978399999998,73,25.0,203.5,True,False,1976.6442273945045,215.00024845653797,0.0
sub-004,ses-01,mentalarithmetic,2024-02-12 08:30:12,215.999784,33,250.00025000025002,250.0001952063645,215.99978399999998,73,25.0,203.5,True,False,1976.6442273945045,215.00024845653797,0.0
sub-004,ses-01,motorimagery,2023-12-14 18:09:51,215.999784,33,250.00025000025002,250.0001952063645,215.99978399999998,19,25.0,200.0,True,False,1976.6442273945045,215.00024845653797,0.0
sub-004,ses-01,nback,2023-12-12 12:05:40,215.999784,33,250.00025000025002,250.0001952063645,215.99978399999998,121,25.0,204.5,True,True,1976.6442273945045,215.00024845653797,0.0
sub-004,ses-01,nbackarithmetic,2024-02-12 09:29:21,215.999784,33,250.00025000025002,250.0001952063645,215.99978399999998,73,25.0,203.5,True,True,1976.6442273945045,215.00024845653797,0.0
sub-004,ses-01,passivemotor,2024-02-19 11:36:53,215.999784,33,250.00025000025002,250.0001952063645,215.99978399999998,19,25.0,194.0,True,False,1976.6442273945045,215.00024845653797,0.0
sub-004,ses-02,activemotor,2024-02-14 15:52:36,215.999352,33,250.00075000225,250.00064410035029,215.99935200000002,19,25.0,197.0,True,False,1958.1297547451234,215.00005246322326,0.0
sub-004,ses-02,full,2024-02-12 10:34:36,215.999352,33,250.00075000225,250.00064410035029,215.99935200000002,73,25.0,203.5,True,False,1958.1297547451234,215.00005246322326,0.0
sub-004,ses-02,mentalarithmetic,2024-02-14 17:05:03,215.999352,33,250.00075000225,250.00064410035029,215.99935200000002,73,25.0,203.5,True,False,1958.1297547451234,215.00005246322326,0.0
sub-004,ses-02,motorimagery,2023-12-14 18:10:26,215.999352,33,250.00075000225,250.00064410035029,215.99935200000002,19,25.0,198.0,True,False,1958.1297547451234,215.00005246322326,0.0
sub-004,ses-02,nback,2023-12-12 12:06:17,215.999352,33,250.00075000225,250.00064410035029,215.99935200000002,121,25.0,204.5,True,True,1958.1297547451234,215.00005246322326,0.0
sub-004,ses-02,passivemotor,2024-02-19 11:38:27,215.999352,33,250.00075000225,250.00064410035029,215.99935200000002,19,25.0,194.0,True,False,1958.1297547451234,215.00005246322326,0.0
sub-004,ses-03,activemotor,2024-02-14 15:53:09,215.999352,33,250.00075000225,250.0007861528667,215.99935200000002,19,25.0,199.0,True,False,1970.409754383898,215.00045818259878,0.0
sub-004,ses-03,full,2024-02-12 10:35:04,215.999352,33,250.00075000225,250.0007861528667,215.99935200000002,73,25.0,203.5,True,False,1970.409754383898,215.00045818259878,0.0
sub-004,ses-03,mentalarithmetic,2024-02-14 17:05:35,215.999352,33,250.00075000225,250.0007861528667,215.99935200000002,73,25.0,203.5,True,False,1970.409754383898,215.00045818259878,0.0
sub-004,ses-03,motorimagery,2023-12-14 18:11:01,215.999352,33,250.00075000225,250.0007861528667,215.99935200000002,19,25.0,198.0,True,False,1970.409754383898,215.00045818259878,0.0
sub-004,ses-03,nback,2023-12-12 12:06:52,215.999352,33,250.00075000225,250.0007861528667,215.99935200000002,121,25.0,204.5,True,True,1970.409754383898,215.00045818259878,0.0
sub-004,ses-03,nbackarithmetic,2024-02-12 09:29:48,215.999352,33,250.00075000225,250.0007861528667,215.99935200000002,73,25.0,203.5,True,True,1970.409754383898,215.00045818259878,0.0
sub-004,ses-03,passivemotor,2024-02-19 11:40:10,215.999352,33,250.00075000225,250.0007861528667,215.99935200000002,19,25.0,194.0,False,False,,,
sub-005,ses-01,activemotor,2024-02-14 15:53:44,216.0,33,250.0,250.0001184960745,216.0,19,25.0,199.0,True,False,1917.738012353437,215.00017069276873,0.0
sub-005,ses-01,full,2024-02-12 10:35:32,216.0,33,250.0,250.0001184960745,216.0,73,25.0,203.5,True,False,1917.738012353437,215.00017069276873,0.0
sub-005,ses-01,mentalarithmetic,2024-02-14 17:06:10,216.0,33,250.0,250.0001184960745,216.0,73,25.0,203.5,True,False,1917.738012353437,215.00017069276873,0.0
sub-005,ses-01,motorimagery,2023-12-14 18:13:27,216.0,33,250.0,250.0001184960745,216.0,19,25.0,200.0,True,False,1917.738012353437,215.00017069276873,0.0
sub-005,ses-01,nback,2023-12-12 12:07:27,216.0,33,250.0,250.0001184960745,216.0,121,25.0,204.5,True,True,1917.738012353437,215.00017069276873,0.0
sub-005,ses-01,nbackarithmetic,2024-02-12 09:30:17,216.0,33,250.0,250.0001184960745,216.0,73,25.0,203.5,True,True,1917.738012353437,215.00017069276873,0.0
sub-005,ses-01,passivemotor,2024-02-19 11:42:08,216.0,33,250.0,250.0001184960745,216.0,19,25.0,194.0,True,False,1917.738012353437,215.00017069276873,0.0
sub-005,ses-02,activemotor,2024-02-14 15:54:20,215.999784,33,250.00025000025002,250.0001383628698,215.99978399999998,19,25.0,197.0,True,False,1951.4386664379417,215.00035190234485,0.0
sub-005,ses-02,full,2024-02-12 10:36:02,215.999784,33,250.00025000025002,250.0001383628698,215.99978399999998,73,25.0,203.5,True,False,1951.4386664379417,215.00035190234485,0.0
sub-005,ses-02,motorimagery,2023-12-14 18:14:07,215.999784,33,250.00025000025002,250.0001383628698,215.99978399999998,19,25.0,198.0,True,False,1951.4386664379417,215.00035190234485,0.0
sub-005,ses-02,nback,2023-12-12 12:08:02,215.999784,33,250.00025000025002,250.0001383628698,215.99978399999998,121,25.0,204.5,True,True,1951.4386664379417,215.00035190234485,0.0
sub-005,ses-02,nbackarithmetic,2024-02-12 09:30:46,215.999784,33,250.00025000025002,250.0001383628698,215.99978399999998,73,25.0,203.5,True,True,1951.4386664379417,215.00035190234485,0.0
sub-005,ses-02,passivemotor,2024-02-19 11:43:10,215.999784,33,250.00025000025002,250.0001383628698,215.99978399999998,19,25.0,194.0,True,False,1951.4386664379417,215.00035190234485,0.0
sub-005,ses-03,activemotor,2024-02-14 15:54:58,215.999568,33,250.00050000099998,250.0004249680335,215.999568,19,25.0,199.0,True,False,1944.4900624954973,215.0003273678176,0.0
sub-005,ses-03,full,2024-02-12 10:36:32,215.999568,33,250.00050000099998,250.0004249680335,215.999568,73,25.0,203.5,True,False,1944.4900624954973,215.0003273678176,0.0
sub-005,ses-03,mentalarithmetic,2024-02-12 08:34:37,215.999568,33,250.00050000099998,250.0004249680335,215.999568,73,25.0,203.5,True,False,1944.4900624954973,215.0003273678176,0.0
sub-005,ses-03,motorimagery,2023-12-14 18:14:43,215.999568,33,250.00050000099998,250.0004249680335,215.999568,19,25.0,198.0,True,False,1944.4900624954973,215.0003273678176,0.0
sub-005,ses-03,nback,2023-12-12 12:08:40,215.999568,33,250.00050000099998,250.0004249680335,215.999568,121,25.0,204.5,True,True,1944.4900624954973,215.0003273678176,0.0
sub-005,ses-03,nbackarithmetic,2024-02-12 09:31:16,215.999568,33,250.00050000099998,250.0004249680335,215.999568,73,25.0,203.5,True,True,1944.4900624954973,215.0003273678176,0.0
sub-006,ses-01,activemotor,2024-02-14 15:55:34,215.999352,33,250.00075000225,250.00085794657687,215.99935200000002,19,25.0,199.0,True,False,1980.2813623993934,215.00025606670852,0.0
sub-006,ses-01,full,2024-02-12 10:37:01,215.999352,33,250.00075000225,250.00085794657687,215.99935200000002,73,25.0,203.5,True,False,1980.2813623993934,215.00025606670852,0.0
sub-006,ses-01,mentalarithmetic,2024-02-12 08:35:04,215.999352,33,250.00075000225,250.00085794657687,215.99935200000002,73,25.0,203.5,True,False,1980.2813623993934,215.00025606670852,0.0
sub-006,ses-01,motorimagery,2023-12-14 18:15:19,215.999352,33,250.00075000225,250.00085794657687,215.99935200000002,19,25.0,200.0,True,False,1980.2813623993934,215.00025606670852,0.0
sub-006,ses-01,nback,2023-12-12 12:22:21,215.999352,33,250.00075000225,250.00085794657687,215.99935200000002,121,25.0,204.5,True,True,1980.2813623993934,215.00025606670852,0.0
sub-006,ses-01,nbackarithmetic,2024-02-12 09:31:44,215.999352,33,250.00075000225,250.00085794657687,215.99935200000002,73,25.0,203.5,False,True,,,
sub-006,ses-01,passivemotor,2024-02-19 11:45:26,215.999352,33,250.00075000225,250.00085794657687,215.99935200000002,19,25.0,194.0,True,False,1980.2813623993934,215.00025606670852,0.0
sub-006,ses-02,activemotor,2024-02-14 15:56:08,215.999136,33,250.00100000400002,250.0009258749471,215.999136,19,25.0,197.0,True,False,1959.430406921792,215.00023604401213,0.0
sub-006,ses-02,full,2024-02-12 10:37:28,215.999136,33,250.00100000400002,250.0009258749471,215.999136,73,25.0,203.5,True,False,1959.430406921792,215.00023604401213,0.0
sub-006,ses-02,mentalarithmetic,2024-02-12 08:35:30,215.999136,33,250.00100000400002,250.0009258749471,215.999136,73,25.0,203.5,True,False,1959.430406921792,215.00023604401213,0.0
sub-006,ses-02,motorimagery,2023-12-14 18:20:23,215.999136,33,250.00100000400002,250.0009258749471,215.999136,19,25.0,198.0,True,False,1959.430406921792,215.00023604401213,0.0
sub-006,ses-02,nback,2023-12-12 12:24:28,215.999136,33,250.00100000400002,250.0009258749471,215.999136,121,25.0,204.5,True,True,1959.430406921792,215.00023604401213,0.0
sub-006,ses-02,passivemotor,2024-02-19 11:50:58,215.999136,33,250.00100000400002,250.0009258749471,215.999136,19,25.0,194.0,True,False,1959.430406921792,215.00023604401213,0.0
sub-006,ses-03,activemotor,2024-02-14 15:56:45,215.999352,33,250.00075000225,250.00080547975216,215.99935200000002,19,25.0,199.0,True,False,1979.8172590482855,215.0001461269303,0.0
sub-006,ses-03,full,2024-02-12 10:37:55,215.999352,33,250.00075000225,250.00080547975216,215.99935200000002,73,25.0,203.5,True,False,1979.8172590482855,215.0001461269303,0.0
sub-006,ses-03,mentalarithmetic,2024-02-12 08:35:56,215.999352,33,250.00075000225,250.00080547975216,215.99935200000002,73,25.0,203.5,True,False,1979.8172590482855,215.0001461269303,0.0
sub-006,ses-03,nback,2023-12-12 12:25:07,215.999352,33,250.00075000225,250.00080547975216,215.99935200000002,121,25.0,204.5,True,True,1979.8172590482855,215.0001461269303,0.0
sub-006,ses-03,nbackarithmetic,2024-02-12 09:32:26,215.999352,33,250.00075000225,250.00080547975216,215.99935200000002,73,25.0,203.5,True,True,1979.8172590482855,215.0001461269303,0.0
sub-006,ses-03,passivemotor,2024-02-19 11:52:20,215.999352,33,250.00075000225,250.00080547975216,215.99935200000002,19,25.0,194.0,True,False,1979.8172590482855,215.0001461269303,0.0
sub-007,ses-01,full,2024-02-12 10:38:25,215.999136,33,250.00100000400002,250.00094787351506,215.999136,73,25.0,203.5,True,False,1959.1047485525983,215.00024453066726,0.0
sub-007,ses-01,mentalarithmetic,2024-02-12 08:36:25,215.999136,33,250.00100000400002,250.00094787351506,215.999136,73,25.0,203.5,True,False,1959.1047485525983,215.00024453066726,0.0
sub-007,ses-01,motorimagery,2023-12-14 18:25:01,215.999136,33,250.00100000400002,250.00094787351506,215.999136,19,25.0,200.0,True,False,1959.1047485525983,215.00024453066726,0.0
sub-007,ses-01,nback,2023-12-12 12:26:29,215.999136,33,250.00100000400002,250.00094787351506,215.999136,121,25.0,204.5,True,True,1959.1047485525983,215.00024453066726,0.0
sub-007,ses-01,nbackarithmetic,2024-02-12 09:32:55,215.999136,33,250.00100000400002,250.00094787351506,215.999136,73,25.0,203.5,True,True,1959.1047485525983,215.00024453066726,0.0
sub-007,ses-01,passivemotor,2024-02-19 11:53:32,215.999136,33,250.00100000400002,250.00094787351506,215.999136,19,25.0,194.0,True,False,1959.1047485525983,215.00024453066726,0.0
sub-007,ses-02,full,2024-02-12 10:38:51,215.999136,33,250.00100000400002,250.0008785240374,215.999136,73,25.0,203.5,True,False,1954.4131332372233,215.00009023373514,0.0
sub-007,ses-02,mentalarithmetic,2024-02-12 08:36:48,215.999136,33,250.00100000400002,250.0008785240374,215.999136,73,25.0,203.5,True,False,1954.4131332372233,215.00009023373514,0.0
sub-007,ses-02,motorimagery,2023-12-14 18:25:37,215.999136,33,250.00100000400002,250.0008785240374,215.999136,19,25.0,198.0,True,False,1954.4131332372233,215.00009023373514,0.0
sub-007,ses-02,nback,2023-12-12 12:27:54,215.999136,33,250.00100000400002,250.0008785240374,215.999136,121,25.0,204.5,True,True,1954.4131332372233,215.00009023373514,0.0
sub-007,ses-02,passivemotor,2024-02-19 11:54:33,215.999136,33,250.00100000400002,250.0008785240374,215.999136,19,25.0,194.0,True,False,1954.4131332372233,215.00009023373514,0.0
sub-007,ses-03,activemotor,2024-02-14 15:58:22,215.999136,33,250.00100000400002,250.00098976743945,215.999136,19,25.0,199.0,True,False,1963.9042078066534,215.00030313167372,0.0
sub-007,ses-03,full,2024-02-12 10:39:18,215.999136,33,250.00100000400002,250.00098976743945,215.999136,73,25.0,203.5,True,False,1963.9042078066534,215.00030313167372,0.0
sub-007,ses-03,mentalarithmetic,2024-02-12 08:37:14,215.999136,33,250.00100000400002,250.00098976743945,215.999136,73,25.0,203.5,True,False,1963.9042078066534,215.00030313167372,0.0
sub-007,ses-03,motorimagery,2023-12-14 18:26:14,215.999136,33,250.00100000400002,250.00098976743945,215.999136,19,25.0,198.0,True,False,1963.9042078066534,215.00030313167372,0.0
sub-007,ses-03,nback,2023-12-12 12:28:35,215.999136,33,250.00100000400002,250.00098976743945,215.999136,121,25.0,204.5,True,True,1963.9042078066534,215.00030313167372,0.0
sub-007,ses-03,nbackarithmetic,2024-02-12 09:33:25,215.999136,33,250.00100000400002,250.00098976743945,215.999136,73,25.0,203.5,True,True,1963.9042078066534,215.00030313167372,0.0
sub-007,ses-03,passivemotor,2024-02-19 12:03:38,215.999136,33,250.00100000400002,250.00098976743945,215.999136,19,25.0,194.0,False,False,,,
sub-008,ses-03,activemotor,2024-02-14 16:00:21,215.999784,33,250.00025000025002,250.0003228201043,215.99978399999998,19,25.0,199.0,True,False,1966.721309118284,215.0004670410417,0.0
sub-008,ses-03,full,2024-02-12 10:40:44,215.999784,33,250.00025000025002,250.0003228201043,215.99978399999998,73,25.0,203.5,True,False,1966.721309118284,215.0004670410417,0.0
sub-008,ses-03,mentalarithmetic,2024-02-12 08:38:47,215.999784,33,250.00025000025002,250.0003228201043,215.99978399999998,73,25.0,203.5,True,False,1966.721309118284,215.0004670410417,0.0
sub-008,ses-03,motorimagery,2023-12-15 11:40:31,215.999784,33,250.00025000025002,250.0003228201043,215.99978399999998,19,25.0,198.0,True,False,1966.721309118284,215.0004670410417,0.0
sub-008,ses-03,nback,2023-12-12 12:40:13,215.999784,33,250.00025000025002,250.0003228201043,215.99978399999998,121,25.0,204.5,True,True,1966.721309118284,215.0004670410417,0.0
sub-008,ses-03,nbackarithmetic,2024-02-12 09:34:49,215.999784,33,250.00025000025002,250.0003228201043,215.99978399999998,73,25.0,203.5,True,True,1966.721309118284,215.0004670410417,0.0
sub-008,ses-03,passivemotor,2024-02-19 12:07:20,215.999784,33,250.00025000025002,250.0003228201043,215.99978399999998,19,25.0,194.0,True,False,1966.721309118284,215.0004670410417,0.0
sub-009,ses-01,activemotor,2024-02-14 16:00:57,215.000215,33,249.99975000025003,249.9997989509009,215.00021499999997,19,25.0,199.0,True,False,1956.600625843634,215.00044232001528,0.0
sub-009,ses-01,full,2024-02-12 10:41:13,215.000215,33,249.99975000025003,249.9997989509009,215.00021499999997,73,25.0,203.5,True,False,1956.600625843634,215.00044232001528,0.0
sub-009,ses-01,mentalarithmetic,2024-02-12 08:39:14,215.000215,33,249.99975000025003,249.9997989509009,215.00021499999997,73,25.0,203.5,True,False,1956.600625843634,215.00044232001528,0.0
sub-009,ses-01,motorimagery,2023-12-15 11:41:33,215.000215,33,249.99975000025003,249.9997989509009,215.00021499999997,19,25.0,200.0,True,False,1956.600625843634,215.00044232001528,0.0
sub-009,ses-01,nback,2023-12-12 12:41:57,215.000215,33,249.99975000025003,249.9997989509009,215.00021499999997,121,25.0,204.5,True,True,1956.600625843634,215.00044232001528,0.0
sub-009,ses-01,nbackarithmetic,2024-02-12 09:35:18,215.000215,33,249.99975000025003,249.9997989509009,215.00021499999997,73,25.0,203.5,True,True,1956.600625843634,215.00044232001528,0.0
sub-009,ses-01,passivemotor,2024-02-19 12:08:23,215.000215,33,249.99975000025003,249.9997989509009,215.00021499999997,19,25.0,194.0,True,False,1956.600625843634,215.00044232001528,0.0
sub-009,ses-02,activemotor,2024-02-14 16:01:31,215.999784,33,250.00025000025002,250.00020640453602,215.99978399999998,19,25.0,197.0,True,False,1945.3386459524645,215.0000982452184,0.0
sub-009,ses-02,full,2024-02-12 10:41:41,215.999784,33,250.00025000025002,250.00020640453602,215.99978399999998,73,25.0,203.5,True,False,1945.3386459524645,215.0000982452184,0.0
sub-009,ses-02,mentalarithmetic,2024-02-12 08:39:40,215.999784,33,250.00025000025002,250.00020640453602,215.99978399999998,73,25.0,203.5,True,False,1945.3386459524645,215.0000982452184,0.0
sub-009,ses-02,motorimagery,2023-12-15 11:42:13,215.999784,33,250.00025000025002,250.00020640453602,215.99978399999998,19,25.0,198.0,True,False,1945.3386459524645,215.0000982452184,0.0
sub-009,ses-02,nback,2023-12-12 12:42:45,215.999784,33,250.00025000025002,250.00020640453602,215.99978399999998,121,25.0,204.5,True,True,1945.3386459524645,215.0000982452184,0.0
sub-009,ses-02,nbackarithmetic,2024-02-12 09:35:45,215.999784,33,250.00025000025002,250.00020640453602,215.99978399999998,73,25.0,203.5,True,True,1945.3386459524645,215.0000982452184,0.0
sub-009,ses-02,passivemotor,2024-02-19 12:09:22,215.999784,33,250.00025000025002,250.00020640453602,215.99978399999998,19,25.0,194.0,True,False,1945.3386459524645,215.0000982452184,0.0
sub-009,ses-03,activemotor,2024-02-14 16:02:07,215.999784,33,250.00025000025002,250.00027916425347,215.99978399999998,19,25.0,199.0,True,False,1961.9023956403867,215.00050203176215,0.0
sub-009,ses-03,full,2024-02-12 10:42:09,215.999784,33,250.00025000025002,250.00027916425347,215.99978399999998,73,25.0,203.5,True,False,1961.9023956403867,215.00050203176215,0.0
sub-009,ses-03,mentalarithmetic,2024-02-12 08:40:07,215.999784,33,250.00025000025002,250.00027916425347,215.99978399999998,73,25.0,203.5,True,False,1961.9023956403867,215.00050203176215,0.0
sub-009,ses-03,motorimagery,2023-12-15 11:42:52,215.999784,33,250.00025000025002,250.00027916425347,215.99978399999998,19,25.0,198.0,True,False,1961.9023956403867,215.00050203176215,0.0
sub-009,ses-03,nback,2023-12-12 12:43:28,215.999784,33,250.00025000025002,250.00027916425347,215.99978399999998,121,25.0,204.5,True,True,1961.9023956403867,215.00050203176215,0.0
sub-009,ses-03,nbackarithmetic,2024-02-12 09:36:14,215.999784,33,250.00025000025002,250.00027916425347,215.99978399999998,73,25.0,203.5,True,True,1961.9023956403867,215.00050203176215,0.0
sub-009,ses-03,passivemotor,2024-02-19 12:10:23,215.999784,33,250.00025000025002,250.00027916425347,215.99978399999998,19,25.0,194.0,True,False,1961.9023956403867,215.00050203176215,0.0
sub-010,ses-01,activemotor,2024-02-14 16:02:44,215.999352,33,250.00075000225,250.0006918490773,215.99935200000002,19,25.0,199.0,True,False,1915.6798989105275,215.00042895174556,0.0
sub-010,ses-01,full,2024-02-12 10:42:39,215.999352,33,250.00075000225,250.0006918490773,215.99935200000002,73,25.0,203.5,True,False,1915.6798989105275,215.00042895174556,0.0
sub-010,ses-01,mentalarithmetic,2024-02-12 08:40:36,215.999352,33,250.00075000225,250.0006918490773,215.99935200000002,73,25.0,203.5,True,False,1915.6798989105275,215.00042895174556,0.0
sub-010,ses-01,motorimagery,2023-12-15 11:43:36,215.999352,33,250.00075000225,250.0006918490773,215.99935200000002,19,25.0,200.0,True,False,1915.6798989105275,215.00042895174556,0.0
sub-010,ses-01,nback,2023-12-12 13:49:39,215.999352,33,250.00075000225,250.0006918490773,215.99935200000002,121,25.0,204.5,True,True,1915.6798989105275,215.00042895174556,0.0
sub-010,ses-01,nbackarithmetic,2024-02-12 09:36:45,215.999352,33,250.00075000225,250.0006918490773,215.99935200000002,73,25.0,203.5,True,True,1915.6798989105275,215.00042895174556,0.0
sub-010,ses-01,passivemotor,2024-02-19 12:11:36,215.999352,33,250.00075000225,250.0006918490773,215.99935200000002,19,25.0,194.0,True,False,1915.6798989105275,215.00042895174556,0.0
sub-010,ses-02,activemotor,2024-02-14 16:03:20,215.999352,33,250.00075000225,250.00079612894984,215.99935200000002,19,25.0,197.0,True,False,1910.5343510691134,215.0000599414193,0.0
sub-010,ses-02,full,2024-02-12 10:43:08,215.999352,33,250.00075000225,250.00079612894984,215.99935200000002,73,25.0,203.5,True,False,1910.5343510691134,215.0000599414193,0.0
sub-010,ses-02,mentalarithmetic,2024-02-12 08:41:03,215.999352,33,250.00075000225,250.00079612894984,215.99935200000002,73,25.0,203.5,True,False,1910.5343510691134,215.0000599414193,0.0
sub-010,ses-02,motorimagery,2023-12-15 11:44:25,215.999352,33,250.00075000225,250.00079612894984,215.99935200000002,19,25.0,198.0,True,False,1910.5343510691134,215.0000599414193,0.0
sub-010,ses-02,nback,2023-12-12 13:51:04,215.999352,33,250.00075000225,250.00079612894984,215.99935200000002,121,25.0,204.5,True,True,1910.5343510691134,215.0000599414193,0.0
sub-010,ses-02,nbackarithmetic,2024-02-12 09:37:13,215.999352,33,250.00075000225,250.00079612894984,215.99935200000002,73,25.0,203.5,True,True,1910.5343510691134,215.0000599414193,0.0
sub-010,ses-02,passivemotor,2024-02-19 12:12:54,215.999352,33,250.00075000225,250.00079612894984,215.99935200000002,19,25.0,194.0,True,False,1910.5343510691134,215.0000599414193,0.0
sub-010,ses-03,activemotor,2024-02-14 16:03:56,215.999568,33,250.00050000099998,250.00057674056998,215.999568,19,25.0,199.0,True,False,1911.8909958013978,215.00022799558155,0.0
sub-010,ses-03,full,2024-02-12 10:43:37,215.999568,33,250.00050000099998,250.00057674056998,215.999568,73,25.0,203.5,True,False,1911.8909958013978,215.00022799558155,0.0
sub-010,ses-03,mentalarithmetic,2024-02-12 08:41:30,215.999568,33,250.00050000099998,250.00057674056998,215.999568,73,25.0,203.5,True,False,1911.8909958013978,215.00022799558155,0.0
sub-010,ses-03,motorimagery,2023-12-15 11:45:14,215.999568,33,250.00050000099998,250.00057674056998,215.999568,19,25.0,198.0,True,False,1911.8909958013978,215.00022799558155,0.0
sub-010,ses-03,nback,2023-12-12 13:51:40,215.999568,33,250.00050000099998,250.00057674056998,215.999568,121,25.0,204.5,True,True,1911.8909958013978,215.00022799558155,0.0
sub-010,ses-03,nbackarithmetic,2024-02-12 09:37:41,215.999568,33,250.00050000099998,250.00057674056998,215.999568,73,25.0,203.5,True,True,1911.8909958013978,215.00022799558155,0.0
sub-011,ses-01,activemotor,2024-02-14 16:04:36,215.999784,33,250.00025000025002,250.00028848659534,215.99978399999998,19,25.0,199.0,True,False,1912.1461420571788,215.00030304049142,0.0
sub-011,ses-01,full,2024-02-12 10:44:09,215.999784,33,250.00025000025002,250.00028848659534,215.99978399999998,73,25.0,203.5,True,False,1912.1461420571788,215.00030304049142,0.0
sub-011,ses-01,mentalarithmetic,2024-02-12 08:42:01,215.999784,33,250.00025000025002,250.00028848659534,215.99978399999998,73,25.0,203.5,True,False,1912.1461420571788,215.00030304049142,0.0
sub-011,ses-01,motorimagery,2023-12-15 11:46:12,215.999784,33,250.00025000025002,250.00028848659534,215.99978399999998,19,25.0,200.0,True,False,1912.1461420571788,215.00030304049142,0.0
sub-011,ses-01,nback,2023-12-12 15:48:55,215.999784,33,250.00025000025002,250.00028848659534,215.99978399999998,121,25.0,204.5,True,True,1912.1461420571788,215.00030304049142,0.0
sub-011,ses-01,nbackarithmetic,2024-02-12 09:38:13,215.999784,33,250.00025000025002,250.00028848659534,215.99978399999998,73,25.0,203.5,True,True,1912.1461420571788,215.00030304049142,0.0
sub-011,ses-01,passivemotor,2024-02-19 12:14:55,215.999784,33,250.00025000025002,250.00028848659534,215.99978399999998,19,25.0,194.0,True,False,1912.1461420571788,215.00030304049142,0.0
sub-011,ses-02,activemotor,2024-02-14 16:05:11,215.999784,33,250.00025000025002,250.0003344161922,215.99978399999998,19,25.0,197.0,True,False,1911.0278432786724,215.0000071663453,0.0
sub-011,ses-02,full,2024-02-12 10:44:37,215.999784,33,250.00025000025002,250.0003344161922,215.99978399999998,73,25.0,203.5,True,False,1911.0278432786724,215.0000071663453,0.0
sub-011,ses-02,mentalarithmetic,2024-02-12 08:42:28,215.999784,33,250.00025000025002,250.0003344161922,215.99978399999998,73,25.0,203.5,True,False,1911.0278432786724,215.0000071663453,0.0
sub-011,ses-02,motorimagery,2023-12-15 11:48:25,215.999784,33,250.00025000025002,250.0003344161922,215.99978399999998,19,25.0,198.0,True,False,1911.0278432786724,215.0000071663453,0.0
sub-011,ses-02,nback,2023-12-12 15:50:22,215.999784,33,250.00025000025002,250.0003344161922,215.99978399999998,121,25.0,204.5,True,True,1911.0278432786724,215.0000071663453,0.0
sub-011,ses-02,nbackarithmetic,2024-02-12 09:38:42,215.999784,33,250.00025000025002,250.0003344161922,215.99978399999998,73,25.0,203.5,True,True,1911.0278432786724,215.0000071663453,0.0
sub-011,ses-02,passivemotor,2024-02-19 12:15:55,215.999784,33,250.00025000025002,250.0003344161922,215.99978399999998,19,25.0,194.0,True,False,1911.0278432786724,215.0000071663453,0.0
sub-011,ses-03,activemotor,2024-02-14 16:05:47,215.999568,33,250.00050000099998,250.00038784916032,215.999568,19,25.0,199.0,True,False,1916.40426546258,215.00004327142597,0.0
sub-011,ses-03,full,2024-02-12 10:45:06,215.999568,33,250.00050000099998,250.00038784916032,215.999568,73,25.0,203.5,True,False,1916.40426546258,215.00004327142597,0.0
sub-011,ses-03,mentalarithmetic,2024-02-12 08:42:55,215.999568,33,250.00050000099998,250.00038784916032,215.999568,73,25.0,203.5,True,False,1916.40426546258,215.00004327142597,0.0
sub-011,ses-03,motorimagery,2023-12-15 11:49:39,215.999568,33,250.00050000099998,250.00038784916032,215.999568,19,25.0,198.0,True,False,1916.40426546258,215.00004327142597,0.0
sub-011,ses-03,nback,2023-12-12 15:53:47,215.999568,33,250.00050000099998,250.00038784916032,215.999568,121,25.0,204.5,True,True,1916.40426546258,215.00004327142597,0.0
sub-011,ses-03,nbackarithmetic,2024-02-12 09:39:10,215.999568,33,250.00050000099998,250.00038784916032,215.999568,73,25.0,203.5,True,True,1916.40426546258,215.00004327142597,0.0
sub-011,ses-03,passivemotor,2024-02-19 12:16:57,215.999568,33,250.00050000099998,250.00038784916032,215.999568,19,25.0,194.0,True,False,1916.40426546258,215.00004327142597,0.0
sub-012,ses-01,motorimagery,2023-12-15 11:52:41,215.000215,33,249.99975000025003,249.99984988253266,215.00021499999997,19,25.0,200.0,True,False,1999.7799042705753,215.00016030855477,0.0
sub-012,ses-01,nback,2023-12-12 15:57:51,215.000215,33,249.99975000025003,249.99984988253266,215.00021499999997,121,25.0,204.5,True,False,1999.7799042705753,215.00016030855477,0.0
sub-012,ses-01,passivemotor,2024-02-19 12:19:10,215.000215,33,249.99975000025003,249.99984988253266,215.00021499999997,19,25.0,194.0,False,False,,,
sub-012,ses-02,motorimagery,2023-12-15 11:54:00,215.999352,33,250.00075000225,250.00074846544865,215.99935200000002,19,25.0,198.0,True,False,1999.9789504687124,215.00026282737963,0.0
sub-012,ses-02,nback,2023-12-12 15:59:58,215.999352,33,250.00075000225,250.00074846544865,215.99935200000002,121,25.0,204.5,True,False,1999.9789504687124,215.00026282737963,0.0
sub-012,ses-02,passivemotor,2024-02-19 12:20:22,215.999352,33,250.00075000225,250.00074846544865,215.99935200000002,19,25.0,194.0,False,False,,,
sub-012,ses-03,motorimagery,2023-12-15 11:55:17,215.999568,33,250.00050000099998,250.00059930751343,215.999568,19,25.0,198.0,True,False,1999.5473846873308,215.000156181457,0.0
sub-012,ses-03,nback,2023-12-12 16:01:32,215.999568,33,250.00050000099998,250.00059930751343,215.999568,121,25.0,204.5,True,False,1999.5473846873308,215.000156181457,0.0
sub-013,ses-01,nback,2023-12-12 16:06:53,215.999568,33,250.00050000099998,250.00041146767637,215.999568,121,25.0,204.5,True,True,1999.0007116140014,215.0004237132007,0.0
sub-013,ses-01,passivemotor,2024-02-19 12:22:17,215.999568,33,250.00050000099998,250.00041146767637,215.999568,19,25.0,194.0,True,False,1999.0007116140014,215.0004237132007,0.0
sub-013,ses-02,motorimagery,2023-12-15 12:05:19,215.999568,33,250.00050000099998,250.0004295723662,215.999568,19,25.0,198.0,True,False,2001.5191283533356,215.000193554999,0.0
sub-013,ses-02,nback,2023-12-12 16:07:51,215.999568,33,250.00050000099998,250.0004295723662,215.999568,121,25.0,204.5,True,True,2001.5191283533356,215.000193554999,0.0
sub-013,ses-02,passivemotor,2024-02-19 12:23:42,215.999568,33,250.00050000099998,250.0004295723662,215.999568,19,25.0,194.0,True,False,2001.5191283533356,215.000193554999,0.0
sub-013,ses-03,motorimagery,2023-12-15 12:06:03,215.999568,33,250.00050000099998,250.0005021616826,215.999568,19,25.0,198.0,True,False,1998.5939967688194,215.00014544960322,0.0
sub-013,ses-03,nback,2023-12-12 16:09:38,215.999568,33,250.00050000099998,250.0005021616826,215.999568,121,25.0,204.5,True,True,1998.5939967688194,215.00014544960322,0.0
sub-013,ses-03,passivemotor,2024-02-19 12:25:23,215.999568,33,250.00050000099998,250.0005021616826,215.999568,19,25.0,194.0,True,False,1998.5939967688194,215.00014544960322,0.0
sub-014,ses-02,full,2024-02-12 10:46:41,215.999568,33,250.00050000099998,250.00042468381545,215.999568,73,25.0,203.5,True,False,1859.7005647124436,215.0002035740763,0.0
sub-014,ses-02,mentalarithmetic,2024-02-12 08:44:23,215.999568,33,250.00050000099998,250.00042468381545,215.999568,73,25.0,203.5,True,False,1859.7005647124436,215.0002035740763,0.0
sub-014,ses-02,motorimagery,2023-12-15 12:06:45,215.999568,33,250.00050000099998,250.00042468381545,215.999568,19,25.0,198.0,False,False,,,
sub-014,ses-02,nback,2023-12-12 16:24:05,215.999568,33,250.00050000099998,250.00042468381545,215.999568,121,25.0,204.5,False,False,,,
sub-014,ses-02,nbackarithmetic,2024-02-12 09:40:45,215.999568,33,250.00050000099998,250.00042468381545,215.999568,73,25.0,203.5,True,True,1859.7005647124436,215.0002035740763,0.0
sub-014,ses-03,full,2024-02-12 10:47:09,215.999568,33,250.00050000099998,250.00041013185162,215.999568,73,25.0,203.5,True,False,1855.9051705177171,215.00020924489945,0.0
sub-014,ses-03,mentalarithmetic,2024-02-12 08:44:53,215.999568,33,250.00050000099998,250.00041013185162,215.999568,73,25.0,203.5,True,False,1855.9051705177171,215.00020924489945,0.0
sub-014,ses-03,motorimagery,2023-12-15 12:09:20,215.999568,33,250.00050000099998,250.00041013185162,215.999568,19,25.0,198.0,True,False,1855.9051705177171,215.00020924489945,0.0
sub-014,ses-03,nback,2023-12-12 16:26:23,215.999568,33,250.00050000099998,250.00041013185162,215.999568,121,25.0,204.5,True,False,1855.9051705177171,215.00020924489945,0.0
sub-014,ses-03,nbackarithmetic,2024-02-12 09:41:13,215.999568,33,250.00050000099998,250.00041013185162,215.999568,73,25.0,203.5,True,True,1855.9051705177171,215.00020924489945,0.0
sub-015,ses-01,activemotor,2024-02-14 16:10:30,215.999784,33,250.00025000025002,250.00026461230658,215.99978399999998,19,25.0,199.0,True,False,1999.8413599211046,215.00005381274968,0.0
sub-015,ses-01,full,2024-02-12 12:01:29,215.999784,33,250.00025000025002,250.00026461230658,215.99978399999998,73,25.0,203.5,True,False,1999.8413599211046,215.00005381274968,0.0
sub-015,ses-01,mentalarithmetic,2024-02-12 08:46:14,215.999784,33,250.00025000025002,250.00026461230658,215.99978399999998,73,25.0,203.5,True,False,1999.8413599211046,215.00005381274968,0.0
sub-015,ses-01,motorimagery,2023-12-15 12:10:59,215.999784,33,250.00025000025002,250.00026461230658,215.99978399999998,19,25.0,200.0,True,False,1999.8413599211046,215.00005381274968,0.0
sub-015,ses-01,nback,2023-12-12 16:28:18,215.999784,33,250.00025000025002,250.00026461230658,215.99978399999998,121,25.0,204.5,True,False,1999.8413599211046,215.00005381274968,0.0
sub-015,ses-01,nbackarithmetic,2024-02-12 09:42:28,215.999784,33,250.00025000025002,250.00026461230658,215.99978399999998,73,25.0,203.5,True,True,1999.8413599211046,215.00005381274968,0.0
sub-015,ses-02,activemotor,2024-02-14 16:11:47,215.999784,33,250.00025000025002,250.00023550841792,215.99978399999998,19,25.0,197.0,True,False,1999.9037505814665,215.0003468291834,0.0
sub-015,ses-02,full,2024-02-12 12:02:29,215.999784,33,250.00025000025002,250.00023550841792,215.99978399999998,73,25.0,203.5,True,False,1999.9037505814665,215.0003468291834,0.0
sub-015,ses-02,mentalarithmetic,2024-02-12 08:47:14,215.999784,33,250.00025000025002,250.00023550841792,215.99978399999998,73,25.0,203.5,True,False,1999.9037505814665,215.0003468291834,0.0
sub-015,ses-02,motorimagery,2023-12-15 12:12:16,215.999784,33,250.00025000025002,250.00023550841792,215.99978399999998,19,25.0,198.0,True,False,1999.9037505814665,215.0003468291834,0.0
sub-015,ses-02,nback,2023-12-12 16:31:33,215.999784,33,250.00025000025002,250.00023550841792,215.99978399999998,121,25.0,204.5,True,False,1999.9037505814665,215.0003468291834,0.0
sub-015,ses-02,nbackarithmetic,2024-02-12 09:43:29,215.999784,33,250.00025000025002,250.00023550841792,215.99978399999998,73,25.0,203.5,True,True,1999.9037505814665,215.0003468291834,0.0
sub-015,ses-03,full,2024-02-12 12:03:17,215.999784,33,250.00025000025002,250.00027916425347,215.99978399999998,73,25.0,203.5,True,False,1377.588184276836,215.00039226561785,0.0
sub-015,ses-03,mentalarithmetic,2024-02-12 08:48:02,215.999784,33,250.00025000025002,250.00027916425347,215.99978399999998,73,25.0,203.5,True,False,1377.588184276836,215.00039226561785,0.0
sub-015,ses-03,motorimagery,2023-12-15 12:14:09,215.999784,33,250.00025000025002,250.00027916425347,215.99978399999998,19,25.0,198.0,False,False,,,
sub-015,ses-03,nback,2023-12-12 16:41:58,215.999784,33,250.00025000025002,250.00027916425347,215.99978399999998,121,25.0,204.5,True,False,1377.588184276836,215.00039226561785,0.0
sub-015,ses-03,nbackarithmetic,2024-02-12 09:44:18,215.999784,33,250.00025000025002,250.00027916425347,215.99978399999998,73,25.0,203.5,True,True,1377.588184276836,215.00039226561785,0.0
sub-016,ses-01,activemotor,2024-02-14 16:13:25,215.999568,33,250.00050000099998,250.0004683397171,215.999568,19,25.0,199.0,True,False,1823.2380768024193,215.00044617732055,0.0
sub-016,ses-01,full,2024-02-12 12:03:45,215.999568,33,250.00050000099998,250.0004683397171,215.999568,73,25.0,203.5,True,False,1823.2380768024193,215.00044617732055,0.0
sub-016,ses-01,mentalarithmetic,2024-02-12 08:48:30,215.999568,33,250.00050000099998,250.0004683397171,215.999568,73,25.0,203.5,True,False,1823.2380768024193,215.00044617732055,0.0
sub-016,ses-01,motorimagery,2023-12-15 12:15:32,215.999568,33,250.00050000099998,250.0004683397171,215.999568,19,25.0,200.0,True,False,1823.2380768024193,215.00044617732055,0.0
sub-016,ses-01,nback,2023-12-12 16:55:34,215.999568,33,250.00050000099998,250.0004683397171,215.999568,121,25.0,204.5,True,True,1823.2380768024193,215.00044617732055,0.0
sub-016,ses-01,nbackarithmetic,2024-02-12 09:44:47,215.999568,33,250.00050000099998,250.0004683397171,215.999568,73,25.0,203.5,True,True,1823.2380768024193,215.00044617732055,0.0
sub-016,ses-01,passivemotor,2024-02-19 13:23:21,215.999568,33,250.00050000099998,250.0004683397171,215.999568,19,25.0,194.0,True,False,1823.2380768024193,215.00044617732055,0.0
sub-016,ses-02,activemotor,2024-02-14 16:14:00,215.0,33,250.0,249.99991536608968,215.0,19,25.0,197.0,True,False,1802.0163839989796,215.0002649477683,0.0
sub-016,ses-02,full,2024-02-12 12:04:12,215.0,33,250.0,249.99991536608968,215.0,73,25.0,203.5,True,False,1802.0163839989796,215.0002649477683,0.0
sub-016,ses-02,mentalarithmetic,2024-02-12 08:48:57,215.0,33,250.0,249.99991536608968,215.0,73,25.0,203.5,True,False,1802.0163839989796,215.0002649477683,0.0
sub-016,ses-02,motorimagery,2023-12-19 16:26:47,215.0,33,250.0,249.99991536608968,215.0,19,25.0,198.0,True,False,1802.0163839989796,215.0002649477683,0.0
sub-016,ses-02,nback,2023-12-12 16:57:17,215.0,33,250.0,249.99991536608968,215.0,121,25.0,204.5,True,True,1802.0163839989796,215.0002649477683,0.0
sub-016,ses-02,nbackarithmetic,2024-02-12 09:45:15,215.0,33,250.0,249.99991536608968,215.0,73,25.0,203.5,True,True,1802.0163839989796,215.0002649477683,0.0
sub-016,ses-02,passivemotor,2024-02-19 13:24:21,215.0,33,250.0,249.99991536608968,215.0,19,25.0,194.0,True,False,1802.0163839989796,215.0002649477683,0.0
sub-016,ses-03,activemotor,2024-02-14 16:14:34,215.999568,33,250.00050000099998,250.00055565156606,215.999568,19,25.0,199.0,True,False,1793.024266753946,215.00043649598956,0.0
sub-016,ses-03,full,2024-02-12 12:04:38,215.999568,33,250.00050000099998,250.00055565156606,215.999568,73,25.0,203.5,True,False,1793.024266753946,215.00043649598956,0.0
sub-016,ses-03,mentalarithmetic,2024-02-12 08:49:24,215.999568,33,250.00050000099998,250.00055565156606,215.999568,73,25.0,203.5,True,False,1793.024266753946,215.00043649598956,0.0
sub-016,ses-03,motorimagery,2023-12-19 16:28:12,215.999568,33,250.00050000099998,250.00055565156606,215.999568,19,25.0,198.0,True,False,1793.024266753946,215.00043649598956,0.0
sub-016,ses-03,nback,2023-12-12 16:59:00,215.999568,33,250.00050000099998,250.00055565156606,215.999568,121,25.0,204.5,True,True,1793.024266753946,215.00043649598956,0.0
sub-016,ses-03,nbackarithmetic,2024-02-12 09:45:42,215.999568,33,250.00050000099998,250.00055565156606,215.999568,73,25.0,203.5,True,True,1793.024266753946,215.00043649598956,0.0
sub-017,ses-01,activemotor,2024-02-14 16:15:20,215.999784,33,250.00025000025002,250.0003082681523,215.99978399999998,19,25.0,199.0,True,False,1815.4197713610383,215.00041266344488,0.0
sub-017,ses-01,full,2024-02-12 12:05:07,215.999784,33,250.00025000025002,250.0003082681523,215.99978399999998,73,25.0,203.5,True,False,1815.4197713610383,215.00041266344488,0.0
sub-017,ses-01,mentalarithmetic,2024-02-12 08:49:53,215.999784,33,250.00025000025002,250.0003082681523,215.99978399999998,73,25.0,203.5,True,False,1815.4197713610383,215.00041266344488,0.0
sub-017,ses-01,motorimagery,2023-12-19 16:29:30,215.999784,33,250.00025000025002,250.0003082681523,215.99978399999998,19,25.0,200.0,True,False,1815.4197713610383,215.00041266344488,0.0
sub-017,ses-01,nback,2023-12-12 17:00:21,215.999784,33,250.00025000025002,250.0003082681523,215.99978399999998,121,25.0,204.5,True,True,1815.4197713610383,215.00041266344488,0.0
sub-017,ses-01,nbackarithmetic,2024-02-12 09:46:13,215.999784,33,250.00025000025002,250.0003082681523,215.99978399999998,73,25.0,203.5,True,True,1815.4197713610383,215.00041266344488,0.0
sub-017,ses-01,passivemotor,2024-02-19 13:25:49,215.999784,33,250.00025000025002,250.0003082681523,215.99978399999998,19,25.0,194.0,True,False,1815.4197713610383,215.00041266344488,0.0
sub-017,ses-02,activemotor,2024-02-14 16:16:02,215.999784,33,250.00025000025002,250.0002209564761,215.99978399999998,19,25.0,197.0,True,False,1798.6144892796317,215.00049193692394,0.0
sub-017,ses-02,full,2024-02-12 12:05:38,215.999784,33,250.00025000025002,250.0002209564761,215.99978399999998,73,25.0,203.5,True,False,1798.6144892796317,215.00049193692394,0.0
sub-017,ses-02,mentalarithmetic,2024-02-12 08:50:26,215.999784,33,250.00025000025002,250.0002209564761,215.99978399999998,73,25.0,203.5,True,False,1798.6144892796317,215.00049193692394,0.0
sub-017,ses-02,motorimagery,2023-12-19 16:34:46,215.999784,33,250.00025000025002,250.0002209564761,215.99978399999998,19,25.0,198.0,True,False,1798.6144892796317,215.00049193692394,0.0
sub-017,ses-02,nback,2023-12-12 17:05:04,215.999784,33,250.00025000025002,250.0002209564761,215.99978399999998,121,25.0,204.5,False,True,,,
sub-017,ses-02,nbackarithmetic,2024-02-12 09:46:46,215.999784,33,250.00025000025002,250.0002209564761,215.99978399999998,73,25.0,203.5,True,True,1798.6144892796317,215.00049193692394,0.0
sub-017,ses-03,activemotor,2024-02-14 16:16:34,215.999568,33,250.00050000099998,250.00045378774817,215.999568,19,25.0,199.0,True,False,1789.5570306376997,215.00013322453015,0.0
sub-017,ses-03,full,2024-02-12 12:06:02,215.999568,33,250.00050000099998,250.00045378774817,215.999568,73,25.0,203.5,True,False,1789.5570306376997,215.00013322453015,0.0
sub-017,ses-03,mentalarithmetic,2024-02-12 08:50:50,215.999568,33,250.00050000099998,250.00045378774817,215.999568,73,25.0,203.5,True,False,1789.5570306376997,215.00013322453015,0.0
sub-017,ses-03,nback,2023-12-12 17:06:04,215.999568,33,250.00050000099998,250.00045378774817,215.999568,121,25.0,204.5,True,True,1789.5570306376997,215.00013322453015,0.0
sub-017,ses-03,nbackarithmetic,2024-02-12 09:47:12,215.999568,33,250.00050000099998,250.00045378774817,215.999568,73,25.0,203.5,True,True,1789.5570306376997,215.00013322453015,0.0
sub-018,ses-01,activemotor,2024-02-14 16:17:13,216.0,33,250.0,250.00004633330667,216.0,19,25.0,199.0,True,False,1787.0908627158412,215.00025992863812,0.0
sub-018,ses-01,full,2024-02-12 12:06:32,216.0,33,250.0,250.00004633330667,216.0,73,25.0,203.5,True,False,1787.0908627158412,215.00025992863812,0.0
sub-018,ses-01,mentalarithmetic,2024-02-12 08:51:20,216.0,33,250.0,250.00004633330667,216.0,73,25.0,203.5,True,False,1787.0908627158412,215.00025992863812,0.0
sub-018,ses-01,motorimagery,2023-12-19 16:38:14,216.0,33,250.0,250.00004633330667,216.0,19,25.0,200.0,True,False,1787.0908627158412,215.00025992863812,0.0
sub-018,ses-01,nback,2023-12-12 17:10:40,216.0,33,250.0,250.00004633330667,216.0,121,25.0,204.5,True,True,1787.0908627158412,215.00025992863812,0.0
sub-018,ses-01,nbackarithmetic,2024-02-12 09:47:45,216.0,33,250.0,250.00004633330667,216.0,73,25.0,203.5,True,True,1787.0908627158412,215.00025992863812,0.0
sub-018,ses-01,passivemotor,2024-02-19 13:28:10,216.0,33,250.0,250.00004633330667,216.0,19,25.0,194.0,False,False,,,
sub-018,ses-02,activemotor,2024-02-14 16:17:47,215.000215,33,249.99975000025003,249.99969708769964,215.00021499999997,19,25.0,197.0,True,False,1770.7021375980025,215.0000228250865,0.0
sub-018,ses-02,full,2024-02-12 12:06:59,215.000215,33,249.99975000025003,249.99969708769964,215.00021499999997,73,25.0,203.5,True,False,1770.7021375980025,215.0000228250865,0.0
sub-018,ses-02,mentalarithmetic,2024-02-12 08:51:48,215.000215,33,249.99975000025003,249.99969708769964,215.00021499999997,73,25.0,203.5,True,False,1770.7021375980025,215.0000228250865,0.0
sub-018,ses-02,motorimagery,2023-12-19 16:39:56,215.000215,33,249.99975000025003,249.99969708769964,215.00021499999997,19,25.0,198.0,True,False,1770.7021375980025,215.0000228250865,0.0
sub-018,ses-02,nback,2023-12-12 17:11:56,215.000215,33,249.99975000025003,249.99969708769964,215.00021499999997,121,25.0,204.5,True,True,1770.7021375980025,215.0000228250865,0.0
sub-018,ses-02,nbackarithmetic,2024-02-12 09:48:16,215.000215,33,249.99975000025003,249.99969708769964,215.00021499999997,73,25.0,203.5,True,True,1770.7021375980025,215.0000228250865,0.0
sub-018,ses-02,passivemotor,2024-02-19 13:29:20,215.000215,33,249.99975000025003,249.99969708769964,215.00021499999997,19,25.0,194.0,True,False,1770.7021375980025,215.0000228250865,0.0
sub-018,ses-03,full,2024-02-12 12:07:22,215.0,33,250.0,249.99994446990382,215.0,73,25.0,203.5,True,False,1789.6226496700529,215.00007282034494,0.0
sub-018,ses-03,nback,2023-12-12 17:21:37,215.0,33,250.0,249.99994446990382,215.0,121,25.0,204.5,False,False,,,
sub-018,ses-03,nbackarithmetic,2024-02-12 09:48:42,215.0,33,250.0,249.99994446990382,215.0,73,25.0,203.5,True,True,1789.6226496700529,215.00007282034494,0.0
sub-019,ses-01,activemotor,2024-02-14 16:18:39,215.0,33,250.0,249.99995902181342,215.0,19,25.0,199.0,True,False,1781.1456299808697,215.00038714078255,0.0
sub-019,ses-01,full,2024-02-12 12:07:50,215.0,33,250.0,249.99995902181342,215.0,73,25.0,203.5,True,False,1781.1456299808697,215.00038714078255,0.0
sub-019,ses-01,mentalarithmetic,2024-02-12 08:52:29,215.0,33,250.0,249.99995902181342,215.0,73,25.0,203.5,True,False,1781.1456299808697,215.00038714078255,0.0
sub-019,ses-01,motorimagery,2023-12-19 16:42:08,215.0,33,250.0,249.99995902181342,215.0,19,25.0,200.0,True,False,1781.1456299808697,215.00038714078255,0.0
sub-019,ses-01,nback,2023-12-12 17:23:18,215.0,33,250.0,249.99995902181342,215.0,121,25.0,204.5,True,True,1781.1456299808697,215.00038714078255,0.0
sub-019,ses-01,nbackarithmetic,2024-02-12 09:49:13,215.0,33,250.0,249.99995902181342,215.0,73,25.0,203.5,True,True,1781.1456299808697,215.00038714078255,0.0
sub-019,ses-01,passivemotor,2024-02-19 13:32:05,215.0,33,250.0,249.99995902181342,215.0,19,25.0,194.0,True,False,1781.1456299808697,215.00038714078255,0.0
sub-019,ses-02,activemotor,2024-02-14 16:19:13,215.000215,33,249.99975000025003,249.99972619146294,215.00021499999997,19,25.0,197.0,True,False,1774.7395393906336,215.00056291697547,0.0
sub-019,ses-02,full,2024-02-12 12:08:17,215.000215,33,249.99975000025003,249.99972619146294,215.00021499999997,73,25.0,203.5,True,False,1774.7395393906336,215.00056291697547,0.0
sub-019,ses-02,mentalarithmetic,2024-02-12 08:52:55,215.000215,33,249.99975000025003,249.99972619146294,215.00021499999997,73,25.0,203.5,False,False,,,
sub-019,ses-02,motorimagery,2023-12-19 16:44:38,215.000215,33,249.99975000025003,249.99972619146294,215.00021499999997,19,25.0,198.0,True,False,1774.7395393906336,215.00056291697547,0.0
sub-019,ses-02,nback,2023-12-12 17:24:33,215.000215,33,249.99975000025003,249.99972619146294,215.00021499999997,121,25.0,204.5,True,True,1774.7395393906336,215.00056291697547,0.0
sub-019,ses-02,nbackarithmetic,2024-02-12 09:49:43,215.000215,33,249.99975000025003,249.99972619146294,215.00021499999997,73,25.0,203.5,True,True,1774.7395393906336,215.00056291697547,0.0
sub-019,ses-02,passivemotor,2024-02-19 13:39:23,215.000215,33,249.99975000025003,249.99972619146294,215.00021499999997,19,25.0,194.0,True,False,1774.7395393906336,215.00056291697547,0.0
sub-019,ses-03,activemotor,2024-02-14 16:19:47,215.0,33,250.0,249.99990081418517,215.0,19,25.0,199.0,True,False,1773.37216862152,215.00055473204702,0.0
sub-019,ses-03,full,2024-02-12 12:08:43,215.0,33,250.0,249.99990081418517,215.0,73,25.0,203.5,True,False,1773.37216862152,215.00055473204702,0.0
sub-019,ses-03,mentalarithmetic,2024-02-12 08:53:22,215.0,33,250.0,249.99990081418517,215.0,73,25.0,203.5,True,False,1773.37216862152,215.00055473204702,0.0
sub-019,ses-03,motorimagery,2023-12-19 16:45:55,215.0,33,250.0,249.99990081418517,215.0,19,25.0,198.0,True,False,1773.37216862152,215.00055473204702,0.0
sub-019,ses-03,nback,2023-12-12 17:27:05,215.0,33,250.0,249.99990081418517,215.0,121,25.0,204.5,False,True,,,
sub-019,ses-03,nbackarithmetic,2024-02-12 09:50:12,215.0,33,250.0,249.99990081418517,215.0,73,25.0,203.5,True,True,1773.37216862152,215.00055473204702,0.0
sub-019,ses-03,passivemotor,2024-02-19 13:40:21,215.0,33,250.0,249.99990081418517,215.0,19,25.0,194.0,True,False,1773.37216862152,215.00055473204702,0.0
sub-020,ses-01,activemotor,2024-02-14 16:20:25,216.0,33,250.0,250.00001813896364,216.0,19,25.0,199.0,True,False,1760.027822993945,215.00001025910024,0.0
sub-020,ses-01,full,2024-02-12 12:09:13,216.0,33,250.0,250.00001813896364,216.0,73,25.0,203.5,True,False,1760.027822993945,215.00001025910024,0.0
sub-020,ses-01,mentalarithmetic,2024-02-12 08:53:52,216.0,33,250.0,250.00001813896364,216.0,73,25.0,203.5,True,False,1760.027822993945,215.00001025910024,0.0
sub-020,ses-01,motorimagery,2023-12-19 16:47:08,216.0,33,250.0,250.00001813896364,216.0,19,25.0,200.0,True,False,1760.027822993945,215.00001025910024,0.0
sub-020,ses-01,nbackarithmetic,2024-02-12 09:50:44,216.0,33,250.0,250.00001813896364,216.0,73,25.0,203.5,True,True,1760.027822993945,215.00001025910024,0.0
sub-020,ses-01,passivemotor,2024-02-19 13:41:23,216.0,33,250.0,250.00001813896364,216.0,19,25.0,194.0,True,False,1760.027822993945,215.00001025910024,0.0
sub-020,ses-02,activemotor,2024-02-14 16:21:01,215.0,33,250.0,249.99996084080226,215.0,19,25.0,197.0,True,False,1772.1320655890877,215.00034190360748,0.0
sub-020,ses-02,full,2024-02-12 12:09:40,215.0,33,250.0,249.99996084080226,215.0,73,25.0,203.5,True,False,1772.1320655890877,215.00034190360748,0.0
sub-020,ses-02,mentalarithmetic,2024-02-12 08:54:20,215.0,33,250.0,249.99996084080226,215.0,73,25.0,203.5,True,False,1772.1320655890877,215.00034190360748,0.0
sub-020,ses-02,motorimagery,2023-12-19 16:49:46,215.0,33,250.0,249.99996084080226,215.0,19,25.0,198.0,True,False,1772.1320655890877,215.00034190360748,0.0
sub-020,ses-02,nback,2023-12-12 17:32:55,215.0,33,250.0,249.99996084080226,215.0,121,25.0,204.5,True,True,1772.1320655890877,215.00034190360748,0.0
sub-020,ses-02,nbackarithmetic,2024-02-12 09:51:13,215.0,33,250.0,249.99996084080226,215.0,73,25.0,203.5,True,True,1772.1320655890877,215.00034190360748,0.0
sub-020,ses-03,full,2024-02-12 12:10:05,215.0,33,250.0,249.99993719394965,215.0,73,25.0,203.5,True,False,1791.392355086282,215.0003593051224,0.0
sub-020,ses-03,mentalarithmetic,2024-02-12 08:54:45,215.0,33,250.0,249.99993719394965,215.0,73,25.0,203.5,True,False,1791.392355086282,215.0003593051224,0.0
sub-020,ses-03,motorimagery,2023-12-19 16:52:42,215.0,33,250.0,249.99993719394965,215.0,19,25.0,198.0,True,False,1791.392355086282,215.0003593051224,0.0
sub-020,ses-03,nback,2023-12-12 17:37:02,215.0,33,250.0,249.99993719394965,215.0,121,25.0,204.5,True,True,1791.392355086282,215.0003593051224,0.0
sub-021,ses-01,activemotor,2024-02-14 16:22:17,215.999568,33,250.00050000099998,250.00056292755625,215.999568,19,25.0,199.0,True,False,174.8338707768801,215.0041055143811,0.0
sub-021,ses-01,full,2024-02-12 12:10:49,215.999568,33,250.00050000099998,250.00056292755625,215.999568,73,25.0,203.5,True,False,174.8338707768801,215.0041055143811,0.0
sub-021,ses-01,mentalarithmetic,2024-02-12 08:55:34,215.999568,33,250.00050000099998,250.00056292755625,215.999568,73,25.0,203.5,True,False,174.8338707768801,215.0041055143811,0.0
sub-021,ses-01,motorimagery,2023-12-19 16:56:21,215.999568,33,250.00050000099998,250.00056292755625,215.999568,19,25.0,200.0,False,False,,,
sub-021,ses-01,nback,2023-12-12 17:45:38,215.999568,33,250.00050000099998,250.00056292755625,215.999568,121,25.0,204.5,False,False,,,
sub-021,ses-01,nbackarithmetic,2024-02-12 09:52:16,215.999568,33,250.00050000099998,250.00056292755625,215.999568,73,25.0,203.5,True,True,174.8338707768801,215.0041055143811,0.0
sub-021,ses-02,motorimagery,2023-12-19 16:59:07,215.999784,33,250.00025000025002,250.0003082681523,215.99978399999998,19,25.0,198.0,False,False,,,
sub-021,ses-02,nback,2023-12-12 17:51:16,215.999784,33,250.00025000025002,250.0003082681523,215.99978399999998,121,25.0,204.5,False,False,,,
sub-021,ses-02,nbackarithmetic,2024-02-12 09:52:54,215.999784,33,250.00025000025002,250.0003082681523,215.99978399999998,73,25.0,203.5,True,True,94.17882904322659,215.0058585959487,0.0
sub-021,ses-03,activemotor,2024-02-14 16:23:16,215.999568,33,250.00050000099998,250.00043923578096,215.999568,19,25.0,199.0,True,False,91.57382220722822,215.00686031696387,0.0
sub-021,ses-03,mentalarithmetic,2024-02-12 08:56:19,215.999568,33,250.00050000099998,250.00043923578096,215.999568,73,25.0,203.5,True,False,91.57382220722822,215.00686031696387,0.0
sub-021,ses-03,motorimagery,2023-12-19 17:00:29,215.999568,33,250.00050000099998,250.00043923578096,215.999568,19,25.0,198.0,False,False,,,
sub-021,ses-03,nback,2023-12-12 17:53:45,215.999568,33,250.00050000099998,250.00043923578096,215.999568,121,25.0,204.5,False,False,,,
sub-021,ses-03,nbackarithmetic,2024-02-12 09:53:33,215.999568,33,250.00050000099998,250.00043923578096,215.999568,73,25.0,203.5,True,True,91.57382220722822,215.00686031696387,0.0
sub-022,ses-01,activemotor,2024-02-14 16:24:23,215.999352,33,250.00075000225,250.0006891205781,215.99935200000002,19,25.0,199.0,True,False,1789.104999455659,215.0002376143566,0.0
sub-022,ses-01,full,2024-02-12 12:11:52,215.999352,33,250.00075000225,250.0006891205781,215.99935200000002,73,25.0,203.5,False,False,,,
sub-022,ses-01,mentalarithmetic,2024-02-12 08:57:14,215.999352,33,250.00075000225,250.0006891205781,215.99935200000002,73,25.0,203.5,False,False,,,
sub-022,ses-01,motorimagery,2023-12-19 17:01:48,215.999352,33,250.00075000225,250.0006891205781,215.99935200000002,19,25.0,200.0,False,False,,,
sub-022,ses-01,nback,2023-12-12 17:59:29,215.999352,33,250.00075000225,250.0006891205781,215.99935200000002,121,25.0,204.5,False,False,,,
sub-022,ses-01,passivemotor,2024-02-19 13:47:26,215.999352,33,250.00075000225,250.0006891205781,215.99935200000002,19,25.0,194.0,True,False,1789.104999455659,215.0002376143566,0.0
sub-022,ses-02,full,2024-02-12 12:12:30,215.999352,33,250.00075000225,250.00072163519718,215.99935200000002,73,25.0,203.5,True,False,84.20194725708845,215.00690411261166,0.0
sub-022,ses-02,mentalarithmetic,2024-02-12 08:57:56,215.999352,33,250.00075000225,250.00072163519718,215.99935200000002,73,25.0,203.5,True,False,84.20194725708845,215.00690411261166,0.0
sub-022,ses-02,motorimagery,2023-12-19 17:03:38,215.999352,33,250.00075000225,250.00072163519718,215.99935200000002,19,25.0,198.0,False,False,,,
sub-022,ses-02,nback,2023-12-13 11:55:56,215.999352,33,250.00075000225,250.00072163519718,215.99935200000002,121,25.0,204.5,False,False,,,
sub-022,ses-02,nbackarithmetic,2024-02-12 09:54:32,215.999352,33,250.00075000225,250.00072163519718,215.99935200000002,73,25.0,203.5,True,True,84.20194725708845,215.00690411261166,0.0
sub-022,ses-03,activemotor,2024-02-14 16:26:45,215.999352,33,250.00075000225,250.00067934345654,215.99935200000002,19,25.0,199.0,True,False,83.33971835729247,215.01152575507876,0.0
sub-022,ses-03,full,2024-02-12 12:13:07,215.999352,33,250.00075000225,250.00067934345654,215.99935200000002,73,25.0,203.5,True,False,83.33971835729247,215.01152575507876,0.0
sub-022,ses-03,mentalarithmetic,2024-02-12 08:58:37,215.999352,33,250.00075000225,250.00067934345654,215.99935200000002,73,25.0,203.5,True,False,83.33971835729247,215.01152575507876,0.0
sub-022,ses-03,motorimagery,2023-12-19 17:05:10,215.999352,33,250.00075000225,250.00067934345654,215.99935200000002,19,25.0,198.0,False,False,,,
sub-022,ses-03,nback,2023-12-13 11:58:19,215.999352,33,250.00075000225,250.00067934345654,215.99935200000002,121,25.0,204.5,False,False,,,
sub-022,ses-03,nbackarithmetic,2024-02-12 09:55:13,215.999352,33,250.00075000225,250.00067934345654,215.99935200000002,73,25.0,203.5,True,True,83.33971835729247,215.01152575507876,0.0
sub-023,ses-01,activemotor,2024-02-14 16:27:48,215.999568,33,250.00050000099998,250.0004374167852,215.999568,19,25.0,199.0,True,False,102.40667661327402,215.00551261074725,0.0
sub-023,ses-01,full,2024-02-12 12:13:52,215.999568,33,250.00050000099998,250.0004374167852,215.999568,73,25.0,203.5,True,False,102.40667661327402,215.00551261074725,0.0
sub-023,ses-01,mentalarithmetic,2024-02-12 08:59:27,215.999568,33,250.00050000099998,250.0004374167852,215.999568,73,25.0,203.5,True,False,102.40667661327402,215.00551261074725,0.0
sub-023,ses-01,motorimagery,2023-12-19 17:06:26,215.999568,33,250.00050000099998,250.0004374167852,215.999568,19,25.0,200.0,False,False,,,
sub-023,ses-01,nback,2023-12-13 12:06:59,215.999568,33,250.00050000099998,250.0004374167852,215.999568,121,25.0,204.5,False,False,,,
sub-023,ses-01,nbackarithmetic,2024-02-12 09:56:03,215.999568,33,250.00050000099998,250.0004374167852,215.999568,73,25.0,203.5,True,True,102.40667661327402,215.00551261074725,0.0
sub-023,ses-02,motorimagery,2023-12-19 17:08:49,215.998056,33,250.0022500202502,250.00218593869715,215.998056,19,25.0,198.0,False,False,,,
sub-023,ses-02,nback,2023-12-13 12:08:26,215.998056,33,250.0022500202502,250.00218593869715,215.998056,121,25.0,204.5,False,False,,,
sub-023,ses-03,full,2024-02-12 12:14:35,215.998056,33,250.0022500202502,250.00224414738952,215.998056,73,25.0,203.5,True,False,114.70558904868159,215.00260104617337,0.0
sub-023,ses-03,motorimagery,2023-12-19 17:09:57,215.998056,33,250.0022500202502,250.00224414738952,215.998056,19,25.0,198.0,False,False,,,
sub-023,ses-03,nback,2023-12-13 12:09:53,215.998056,33,250.0022500202502,250.00224414738952,215.998056,121,25.0,204.5,False,False,,,
sub-023,ses-03,nbackarithmetic,2024-02-12 09:56:52,215.998056,33,250.0022500202502,250.00224414738952,215.998056,73,25.0,203.5,True,True,114.70558904868159,215.00260104617337,0.0
sub-024,ses-01,activemotor,2024-02-14 16:29:09,215.998272,33,250.00200001600012,250.00195992551573,215.99827200000001,19,25.0,199.0,True,False,1813.3135363302983,215.00032519968227,0.0
sub-024,ses-01,full,2024-02-12 12:15:21,215.998272,33,250.00200001600012,250.00195992551573,215.99827200000001,73,25.0,203.5,True,False,1813.3135363302983,215.00032519968227,0.0
sub-024,ses-01,mentalarithmetic,2024-02-12 09:00:33,215.998272,33,250.00200001600012,250.00195992551573,215.99827200000001,73,25.0,203.5,True,False,1813.3135363302983,215.00032519968227,0.0
sub-024,ses-01,motorimagery,2023-12-19 17:11:25,215.998272,33,250.00200001600012,250.00195992551573,215.99827200000001,19,25.0,200.0,True,False,1813.3135363302983,215.00032519968227,0.0
sub-024,ses-01,nback,2023-12-13 12:14:01,215.998272,33,250.00200001600012,250.00195992551573,215.99827200000001,121,25.0,204.5,True,False,1813.3135363302983,215.00032519968227,0.0
sub-024,ses-01,nbackarithmetic,2024-02-12 09:57:42,215.998272,33,250.00200001600012,250.00195992551573,215.99827200000001,73,25.0,203.5,True,True,1813.3135363302983,215.00032519968227,0.0
sub-024,ses-02,activemotor,2024-02-14 16:30:12,215.998056,33,250.0022500202502,250.00231645353733,215.998056,19,25.0,197.0,True,False,1825.1793357529007,215.0002426134888,0.0
sub-024,ses-02,full,2024-02-12 12:16:07,215.998056,33,250.0022500202502,250.00231645353733,215.998056,73,25.0,203.5,True,False,1825.1793357529007,215.0002426134888,0.0
sub-024,ses-02,mentalarithmetic,2024-02-12 09:01:24,215.998056,33,250.0022500202502,250.00231645353733,215.998056,73,25.0,203.5,True,False,1825.1793357529007,215.0002426134888,0.0
sub-024,ses-02,motorimagery,2023-12-19 17:12:38,215.998056,33,250.0022500202502,250.00231645353733,215.998056,19,25.0,198.0,True,False,1825.1793357529007,215.0002426134888,0.0
sub-024,ses-02,nback,2023-12-13 12:16:50,215.998056,33,250.0022500202502,250.00231645353733,215.998056,121,25.0,204.5,True,False,1825.1793357529007,215.0002426134888,0.0
sub-024,ses-02,nbackarithmetic,2024-02-12 09:58:34,215.998056,33,250.0022500202502,250.00231645353733,215.998056,73,25.0,203.5,True,True,1825.1793357529007,215.0002426134888,0.0
sub-024,ses-03,full,2024-02-12 12:16:50,215.998272,33,250.00200001600012,250.0020981709544,215.99827200000001,73,25.0,203.5,True,False,1819.2650392839284,215.00000909925438,0.0
sub-024,ses-03,mentalarithmetic,2024-02-12 09:02:09,215.998272,33,250.00200001600012,250.0020981709544,215.99827200000001,73,25.0,203.5,True,False,1819.2650392839284,215.00000909925438,0.0
sub-024,ses-03,motorimagery,2023-12-19 17:13:43,215.998272,33,250.00200001600012,250.0020981709544,215.99827200000001,19,25.0,198.0,True,False,1819.2650392839284,215.00000909925438,0.0
sub-024,ses-03,nback,2023-12-13 12:18:03,215.998272,33,250.00200001600012,250.0020981709544,215.99827200000001,121,25.0,204.5,True,False,1819.2650392839284,215.00000909925438,0.0
sub-024,ses-03,nbackarithmetic,2024-02-12 09:59:20,215.998272,33,250.00200001600012,250.0020981709544,215.99827200000001,73,25.0,203.5,True,True,1819.2650392839284,215.00000909925438,0.0
sub-024,ses-03,passivemotor,2024-02-19 13:08:00,215.998272,33,250.00200001600012,250.0020981709544,215.99827200000001,19,25.0,194.0,True,False,1819.2650392839284,215.00000909925438,0.0
sub-025,ses-01,activemotor,2024-02-14 16:32:15,215.998272,33,250.00200001600012,250.00208361879578,215.99827200000001,19,25.0,199.0,True,False,1872.5175529693254,215.00038777291775,0.0
sub-025,ses-01,full,2024-02-12 12:17:38,215.998272,33,250.00200001600012,250.00208361879578,215.99827200000001,73,25.0,203.5,True,False,1872.5175529693254,215.00038777291775,0.0
sub-025,ses-01,mentalarithmetic,2024-02-12 09:03:02,215.998272,33,250.00200001600012,250.00208361879578,215.99827200000001,73,25.0,203.5,True,False,1872.5175529693254,215.00038777291775,0.0
sub-025,ses-01,motorimagery,2023-12-19 17:26:28,215.998272,33,250.00200001600012,250.00208361879578,215.99827200000001,19,25.0,200.0,True,False,1872.5175529693254,215.00038777291775,0.0
sub-025,ses-01,nback,2023-12-13 12:20:07,215.998272,33,250.00200001600012,250.00208361879578,215.99827200000001,121,25.0,204.5,True,False,1872.5175529693254,215.00038777291775,0.0
sub-025,ses-01,nbackarithmetic,2024-02-12 10:00:13,215.998272,33,250.00200001600012,250.00208361879578,215.99827200000001,73,25.0,203.5,True,True,1872.5175529693254,215.00038777291775,0.0
sub-025,ses-01,passivemotor,2024-02-19 13:06:05,215.998272,33,250.00200001600012,250.00208361879578,215.99827200000001,19,25.0,194.0,True,False,1872.5175529693254,215.00038777291775,0.0
sub-025,ses-02,activemotor,2024-02-14 16:33:13,215.998272,33,250.00200001600012,250.00206906663882,215.99827200000001,19,25.0,197.0,True,False,1865.8397954728605,215.0002379482612,0.0
sub-025,ses-02,full,2024-02-12 12:18:22,215.998272,33,250.00200001600012,250.00206906663882,215.99827200000001,73,25.0,203.5,True,False,1865.8397954728605,215.0002379482612,0.0
sub-025,ses-02,mentalarithmetic,2024-02-12 09:03:50,215.998272,33,250.00200001600012,250.00206906663882,215.99827200000001,73,25.0,203.5,True,False,1865.8397954728605,215.0002379482612,0.0
sub-025,ses-02,motorimagery,2023-12-19 17:28:05,215.998272,33,250.00200001600012,250.00206906663882,215.99827200000001,19,25.0,198.0,True,False,1865.8397954728605,215.0002379482612,0.0
sub-025,ses-02,nback,2023-12-13 12:22:18,215.998272,33,250.00200001600012,250.00206906663882,215.99827200000001,121,25.0,204.5,True,False,1865.8397954728605,215.0002379482612,0.0
sub-025,ses-02,nbackarithmetic,2024-02-12 10:01:03,215.998272,33,250.00200001600012,250.00206906663882,215.99827200000001,73,25.0,203.5,True,True,1865.8397954728605,215.0002379482612,0.0
sub-025,ses-02,passivemotor,2024-02-19 13:04:44,215.998272,33,250.00200001600012,250.00206906663882,215.99827200000001,19,25.0,194.0,True,False,1865.8397954728605,215.0002379482612,0.0
sub-025,ses-03,activemotor,2024-02-14 16:34:09,215.998056,33,250.0022500202502,250.00217093177304,215.998056,19,25.0,199.0,True,False,1847.8668252244563,215.0003423281014,0.0
sub-025,ses-03,full,2024-02-12 12:19:06,215.998056,33,250.0022500202502,250.00217093177304,215.998056,73,25.0,203.5,True,False,1847.8668252244563,215.0003423281014,0.0
sub-025,ses-03,mentalarithmetic,2024-02-12 09:04:38,215.998056,33,250.0022500202502,250.00217093177304,215.998056,73,25.0,203.5,True,False,1847.8668252244563,215.0003423281014,0.0
sub-025,ses-03,motorimagery,2023-12-19 17:30:33,215.998056,33,250.0022500202502,250.00217093177304,215.998056,19,25.0,198.0,True,False,1847.8668252244563,215.0003423281014,0.0
sub-025,ses-03,nback,2023-12-13 12:25:12,215.998056,33,250.0022500202502,250.00217093177304,215.998056,121,25.0,204.5,True,False,1847.8668252244563,215.0003423281014,0.0
sub-025,ses-03,nbackarithmetic,2024-02-12 10:01:51,215.998056,33,250.0022500202502,250.00217093177304,215.998056,73,25.0,203.5,True,True,1847.8668252244563,215.0003423281014,0.0
sub-025,ses-03,passivemotor,2024-02-19 13:03:27,215.998056,33,250.0022500202502,250.00217093177304,215.998056,19,25.0,194.0,True,False,1847.8668252244563,215.0003423281014,0.0
sub-026,ses-01,activemotor,2024-02-14 16:35:10,215.998056,33,250.0022500202502,250.00227279699027,215.998056,19,25.0,199.0,True,False,1888.7727747272802,215.00045184558257,0.0
sub-026,ses-01,full,2024-02-12 12:19:51,215.998056,33,250.0022500202502,250.00227279699027,215.998056,73,25.0,203.5,True,False,1888.7727747272802,215.00045184558257,0.0
sub-026,ses-01,mentalarithmetic,2024-02-12 09:05:29,215.998056,33,250.0022500202502,250.00227279699027,215.998056,73,25.0,203.5,True,False,1888.7727747272802,215.00045184558257,0.0
sub-026,ses-01,motorimagery,2023-12-19 17:33:48,215.998056,33,250.0022500202502,250.00227279699027,215.998056,19,25.0,200.0,True,False,1888.7727747272802,215.00045184558257,0.0
sub-026,ses-01,nback,2023-12-13 12:26:53,215.998056,33,250.0022500202502,250.00227279699027,215.998056,121,25.0,204.5,True,False,1888.7727747272802,215.00045184558257,0.0
sub-026,ses-01,nbackarithmetic,2024-02-12 10:02:42,215.998056,33,250.0022500202502,250.00227279699027,215.998056,73,25.0,203.5,True,True,1888.7727747272802,215.00045184558257,0.0
sub-026,ses-01,passivemotor,2024-02-19 13:02:09,215.998056,33,250.0022500202502,250.00227279699027,215.998056,19,25.0,194.0,True,False,1888.7727747272802,215.00045184558257,0.0
sub-026,ses-02,activemotor,2024-02-14 16:36:09,215.998056,33,250.0022500202502,250.002243692634,215.998056,19,25.0,197.0,True,False,1871.0492226918395,215.00022293440998,0.0
sub-026,ses-02,full,2024-02-12 12:20:35,215.998056,33,250.0022500202502,250.002243692634,215.998056,73,25.0,203.5,True,False,1871.0492226918395,215.00022293440998,0.0
sub-026,ses-02,mentalarithmetic,2024-02-12 09:06:17,215.998056,33,250.0022500202502,250.002243692634,215.998056,73,25.0,203.5,True,False,1871.0492226918395,215.00022293440998,0.0
sub-026,ses-02,motorimagery,2023-12-19 17:36:36,215.998056,33,250.0022500202502,250.002243692634,215.998056,19,25.0,198.0,True,False,1871.0492226918395,215.00022293440998,0.0
sub-026,ses-02,nback,2024-01-09 14:05:55,215.998056,33,250.0022500202502,250.002243692634,215.998056,121,25.0,204.5,True,False,1871.0492226918395,215.00022293440998,0.0
sub-026,ses-02,nbackarithmetic,2024-02-12 10:03:31,215.998056,33,250.0022500202502,250.002243692634,215.998056,73,25.0,203.5,True,True,1871.0492226918395,215.00022293440998,0.0
sub-026,ses-03,activemotor,2024-02-14 16:37:04,215.998056,33,250.0022500202502,250.002243692634,215.998056,19,25.0,199.0,True,False,1866.6004171307852,215.0004876870662,0.0
sub-026,ses-03,full,2024-02-12 12:21:18,215.998056,33,250.0022500202502,250.002243692634,215.998056,73,25.0,203.5,True,False,1866.6004171307852,215.0004876870662,0.0
sub-026,ses-03,mentalarithmetic,2024-02-12 09:07:04,215.998056,33,250.0022500202502,250.002243692634,215.998056,73,25.0,203.5,True,False,1866.6004171307852,215.0004876870662,0.0
sub-026,ses-03,motorimagery,2023-12-19 17:37:56,215.998056,33,250.0022500202502,250.002243692634,215.998056,19,25.0,198.0,True,False,1866.6004171307852,215.0004876870662,0.0
sub-026,ses-03,nback,2023-12-14 08:44:11,215.998056,33,250.0022500202502,250.002243692634,215.998056,121,25.0,204.5,True,False,1866.6004171307852,215.0004876870662,0.0
sub-026,ses-03,nbackarithmetic,2024-02-12 10:04:18,215.998056,33,250.0022500202502,250.002243692634,215.998056,73,25.0,203.5,True,True,1866.6004171307852,215.0004876870662,0.0
sub-026,ses-03,passivemotor,2024-02-19 13:00:21,215.998056,33,250.0022500202502,250.002243692634,215.998056,19,25.0,194.0,True,False,1866.6004171307852,215.0004876870662,0.0
sub-027,ses-01,activemotor,2024-02-14 16:38:10,215.997624,33,250.00275003025033,250.00278212432153,215.997624,19,25.0,199.0,True,False,1838.9028735056393,215.00047974055633,0.0
sub-027,ses-01,full,2024-02-12 12:22:06,215.997624,33,250.00275003025033,250.00278212432153,215.997624,73,25.0,203.5,True,False,1838.9028735056393,215.00047974055633,0.0
sub-027,ses-01,mentalarithmetic,2024-02-12 09:07:57,215.997624,33,250.00275003025033,250.00278212432153,215.997624,73,25.0,203.5,True,False,1838.9028735056393,215.00047974055633,0.0
sub-027,ses-01,motorimagery,2023-12-19 17:40:35,215.997624,33,250.00275003025033,250.00278212432153,215.997624,19,25.0,200.0,True,False,1838.9028735056393,215.00047974055633,0.0
sub-027,ses-01,nback,2023-12-14 08:48:55,215.997624,33,250.00275003025033,250.00278212432153,215.997624,121,25.0,204.5,True,False,1838.9028735056393,215.00047974055633,0.0
sub-027,ses-01,nbackarithmetic,2024-02-12 10:05:12,215.997624,33,250.00275003025033,250.00278212432153,215.997624,73,25.0,203.5,True,True,1838.9028735056393,215.00047974055633,0.0
sub-027,ses-02,activemotor,2024-02-14 16:39:07,215.998056,33,250.0022500202502,250.00218548394184,215.998056,19,25.0,197.0,True,False,1825.7274786617804,215.00032430235296,0.0
sub-027,ses-02,full,2024-02-12 12:22:50,215.998056,33,250.0022500202502,250.00218548394184,215.998056,73,25.0,203.5,True,False,1825.7274786617804,215.00032430235296,0.0
sub-027,ses-02,mentalarithmetic,2024-02-12 09:08:45,215.998056,33,250.0022500202502,250.00218548394184,215.998056,73,25.0,203.5,True,False,1825.7274786617804,215.00032430235296,0.0
sub-027,ses-02,motorimagery,2023-12-19 17:41:24,215.998056,33,250.0022500202502,250.00218548394184,215.998056,19,25.0,198.0,True,False,1825.7274786617804,215.00032430235296,0.0
sub-027,ses-02,nback,2023-12-14 09:01:39,215.998056,33,250.0022500202502,250.00218548394184,215.998056,121,25.0,204.5,True,False,1825.7274786617804,215.00032430235296,0.0
sub-027,ses-02,nbackarithmetic,2024-02-12 10:05:59,215.998056,33,250.0022500202502,250.00218548394184,215.998056,73,25.0,203.5,True,True,1825.7274786617804,215.00032430235296,0.0
sub-027,ses-03,activemotor,2024-02-14 16:40:03,215.998272,33,250.00200001600012,250.00205451448358,215.99827200000001,19,25.0,199.0,True,False,1806.5870034950049,215.0004396403674,0.0
sub-027,ses-03,full,2024-02-12 12:23:32,215.998272,33,250.00200001600012,250.00205451448358,215.99827200000001,73,25.0,203.5,True,False,1806.5870034950049,215.0004396403674,0.0
sub-027,ses-03,mentalarithmetic,2024-02-12 09:09:31,215.998272,33,250.00200001600012,250.00205451448358,215.99827200000001,73,25.0,203.5,True,False,1806.5870034950049,215.0004396403674,0.0
sub-027,ses-03,motorimagery,2023-12-19 17:42:13,215.998272,33,250.00200001600012,250.00205451448358,215.99827200000001,19,25.0,198.0,True,False,1806.5870034950049,215.0004396403674,0.0
sub-027,ses-03,nback,2023-12-14 09:03:37,215.998272,33,250.00200001600012,250.00205451448358,215.99827200000001,121,25.0,204.5,True,False,1806.5870034950049,215.0004396403674,0.0
sub-027,ses-03,nbackarithmetic,2024-02-12 10:06:46,215.998272,33,250.00200001600012,250.00205451448358,215.99827200000001,73,25.0,203.5,True,True,1806.5870034950049,215.0004396403674,0.0
sub-028,ses-01,activemotor,2024-02-14 16:41:14,215.998056,33,250.0022500202502,250.002243692634,215.998056,19,25.0,199.0,True,False,1859.9856639268298,215.00004422385246,0.0
sub-028,ses-01,full,2024-02-12 12:24:19,215.998056,33,250.0022500202502,250.002243692634,215.998056,73,25.0,203.5,True,False,1859.9856639268298,215.00004422385246,0.0
sub-028,ses-01,mentalarithmetic,2024-02-12 09:10:22,215.998056,33,250.0022500202502,250.002243692634,215.998056,73,25.0,203.5,True,False,1859.9856639268298,215.00004422385246,0.0
sub-028,ses-01,motorimagery,2023-12-19 17:43:05,215.998056,33,250.0022500202502,250.002243692634,215.998056,19,25.0,200.0,True,False,1859.9856639268298,215.00004422385246,0.0
sub-028,ses-01,nback,2023-12-14 09:08:25,215.998056,33,250.0022500202502,250.002243692634,215.998056,121,25.0,204.5,True,False,1859.9856639268298,215.00004422385246,0.0
sub-028,ses-01,nbackarithmetic,2024-02-12 10:07:37,215.998056,33,250.0022500202502,250.002243692634,215.998056,73,25.0,203.5,True,True,1859.9856639268298,215.00004422385246,0.0
sub-028,ses-01,passivemotor,2024-02-19 12:54:15,215.998056,33,250.0022500202502,250.002243692634,215.998056,19,25.0,194.0,True,False,1859.9856639268298,215.00004422385246,0.0
sub-028,ses-02,full,2024-02-12 12:25:08,215.998056,33,250.0022500202502,250.002243692634,215.998056,73,25.0,203.5,True,False,1822.297408838825,215.00003133388236,0.0
sub-028,ses-02,mentalarithmetic,2024-02-12 09:11:17,215.998056,33,250.0022500202502,250.002243692634,215.998056,73,25.0,203.5,True,False,1822.297408838825,215.00003133388236,0.0
sub-028,ses-02,motorimagery,2023-12-19 17:44:01,215.998056,33,250.0022500202502,250.002243692634,215.998056,19,25.0,198.0,True,False,1822.297408838825,215.00003133388236,0.0
sub-028,ses-02,nback,2023-12-14 09:10:22,215.998056,33,250.0022500202502,250.002243692634,215.998056,121,25.0,204.5,True,False,1822.297408838825,215.00003133388236,0.0
sub-028,ses-02,nbackarithmetic,2024-02-12 10:08:32,215.998056,33,250.0022500202502,250.002243692634,215.998056,73,25.0,203.5,True,True,1822.297408838825,215.00003133388236,0.0
sub-028,ses-02,passivemotor,2024-02-19 12:52:44,215.998056,33,250.0022500202502,250.002243692634,215.998056,19,25.0,194.0,True,False,1822.297408838825,215.00003133388236,0.0
sub-028,ses-03,activemotor,2024-02-14 16:44:07,215.998056,33,250.0022500202502,250.00227279699027,215.998056,19,25.0,199.0,True,False,1828.0805076611841,215.00037791160867,0.0
sub-028,ses-03,full,2024-02-12 12:25:56,215.998056,33,250.0022500202502,250.00227279699027,215.998056,73,25.0,203.5,True,False,1828.0805076611841,215.00037791160867,0.0
sub-028,ses-03,mentalarithmetic,2024-02-12 09:12:08,215.998056,33,250.0022500202502,250.00227279699027,215.998056,73,25.0,203.5,True,False,1828.0805076611841,215.00037791160867,0.0
sub-028,ses-03,motorimagery,2023-12-19 17:44:52,215.998056,33,250.0022500202502,250.00227279699027,215.998056,19,25.0,198.0,True,False,1828.0805076611841,215.00037791160867,0.0
sub-028,ses-03,nback,2023-12-14 09:12:19,215.998056,33,250.0022500202502,250.00227279699027,215.998056,121,25.0,204.5,True,False,1828.0805076611841,215.00037791160867,0.0
sub-028,ses-03,passivemotor,2024-02-19 12:43:26,215.998056,33,250.0022500202502,250.00227279699027,215.998056,19,25.0,194.0,True,False,1828.0805076611841,215.00037791160867,0.0
sub-029,ses-01,activemotor,2024-02-14 16:45:09,215.998056,33,250.0022500202502,250.00220003611236,215.998056,19,25.0,199.0,True,False,1851.7275719376848,215.00030891876668,0.0
sub-029,ses-01,full,2024-02-12 12:26:42,215.998056,33,250.0022500202502,250.00220003611236,215.998056,73,25.0,203.5,True,False,1851.7275719376848,215.00030891876668,0.0
sub-029,ses-01,mentalarithmetic,2024-02-12 09:12:59,215.998056,33,250.0022500202502,250.00220003611236,215.998056,73,25.0,203.5,True,False,1851.7275719376848,215.00030891876668,0.0
sub-029,ses-01,motorimagery,2023-12-19 17:45:45,215.998056,33,250.0022500202502,250.00220003611236,215.998056,19,25.0,200.0,True,False,1851.7275719376848,215.00030891876668,0.0
sub-029,ses-01,nback,2023-12-14 09:15:08,215.998056,33,250.0022500202502,250.00220003611236,215.998056,121,25.0,204.5,True,False,1851.7275719376848,215.00030891876668,0.0
sub-029,ses-01,nbackarithmetic,2024-02-12 10:09:41,215.998056,33,250.0022500202502,250.00220003611236,215.998056,73,25.0,203.5,True,True,1851.7275719376848,215.00030891876668,0.0
sub-029,ses-02,activemotor,2024-02-14 16:46:41,215.998056,33,250.0022500202502,250.00228734917093,215.998056,19,25.0,197.0,True,False,1825.3519284065599,215.00018374132924,0.0
sub-029,ses-02,full,2024-02-12 12:27:25,215.998056,33,250.0022500202502,250.00228734917093,215.998056,73,25.0,203.5,True,False,1825.3519284065599,215.00018374132924,0.0
sub-029,ses-02,mentalarithmetic,2024-02-12 09:13:45,215.998056,33,250.0022500202502,250.00228734917093,215.998056,73,25.0,203.5,True,False,1825.3519284065599,215.00018374132924,0.0
sub-029,ses-02,motorimagery,2023-12-19 17:46:33,215.998056,33,250.0022500202502,250.00228734917093,215.998056,19,25.0,198.0,True,False,1825.3519284065599,215.00018374132924,0.0
sub-029,ses-02,nback,2023-12-14 09:20:50,215.998056,33,250.0022500202502,250.00228734917093,215.998056,121,25.0,204.5,True,False,1825.3519284065599,215.00018374132924,0.0
sub-029,ses-02,nbackarithmetic,2024-02-12 10:10:29,215.998056,33,250.0022500202502,250.00228734917093,215.998056,73,25.0,203.5,True,True,1825.3519284065599,215.00018374132924,0.0
sub-029,ses-03,activemotor,2024-02-14 16:48:09,215.998056,33,250.0022500202502,250.0022582448113,215.998056,19,25.0,199.0,True,False,1805.0980627514864,215.00050773331895,0.0
sub-029,ses-03,full,2024-02-12 12:28:08,215.998056,33,250.0022500202502,250.0022582448113,215.998056,73,25.0,203.5,True,False,1805.0980627514864,215.00050773331895,0.0
sub-029,ses-03,mentalarithmetic,2024-02-12 09:14:32,215.998056,33,250.0022500202502,250.0022582448113,215.998056,73,25.0,203.5,True,False,1805.0980627514864,215.00050773331895,0.0
sub-029,ses-03,motorimagery,2023-12-19 17:47:22,215.998056,33,250.0022500202502,250.0022582448113,215.998056,19,25.0,198.0,True,False,1805.0980627514864,215.00050773331895,0.0
sub-029,ses-03,nback,2023-12-14 09:22:24,215.998056,33,250.0022500202502,250.0022582448113,215.998056,121,25.0,204.5,True,False,1805.0980627514864,215.00050773331895,0.0
sub-029,ses-03,nbackarithmetic,2024-02-12 10:11:16,215.998056,33,250.0022500202502,250.0022582448113,215.998056,73,25.0,203.5,True,True,1805.0980627514864,215.00050773331895,0.0
sub-029,ses-03,passivemotor,2024-02-19 12:38:08,215.998056,33,250.0022500202502,250.0022582448113,215.998056,19,25.0,194.0,True,False,1805.0980627514864,215.00050773331895,0.0
sub-030,ses-01,activemotor,2024-02-14 16:49:16,215.998704,33,250.00150000900004,250.00157429431061,215.998704,19,25.0,199.0,True,False,1792.7084403609988,215.00038228323683,0.0
sub-030,ses-01,full,2024-02-12 12:28:59,215.998704,33,250.00150000900004,250.00157429431061,215.998704,73,25.0,203.5,True,False,1792.7084403609988,215.00038228323683,0.0
sub-030,ses-01,mentalarithmetic,2024-02-12 09:15:27,215.998704,33,250.00150000900004,250.00157429431061,215.998704,73,25.0,203.5,True,False,1792.7084403609988,215.00038228323683,0.0
sub-030,ses-01,motorimagery,2023-12-19 17:48:19,215.998704,33,250.00150000900004,250.00157429431061,215.998704,19,25.0,200.0,True,False,1792.7084403609988,215.00038228323683,0.0
sub-030,ses-01,nback,2023-12-14 09:24:43,215.998704,33,250.00150000900004,250.00157429431061,215.998704,121,25.0,204.5,True,False,1792.7084403609988,215.00038228323683,0.0
sub-030,ses-01,nbackarithmetic,2024-02-12 10:12:13,215.998704,33,250.00150000900004,250.00157429431061,215.998704,73,25.0,203.5,True,True,1792.7084403609988,215.00038228323683,0.0
sub-030,ses-02,full,2024-02-12 12:29:38,215.997408,33,250.00300003600043,250.00310227399197,215.997408,73,25.0,203.5,True,False,1749.490340866043,215.00032964674756,0.0
sub-030,ses-02,mentalarithmetic,2024-02-12 09:16:10,215.997408,33,250.00300003600043,250.00310227399197,215.997408,73,25.0,203.5,True,False,1749.490340866043,215.00032964674756,0.0
sub-030,ses-02,motorimagery,2023-12-19 17:49:04,215.997408,33,250.00300003600043,250.00310227399197,215.997408,19,25.0,198.0,True,False,1749.490340866043,215.00032964674756,0.0
sub-030,ses-02,nback,2023-12-14 09:27:38,215.997408,33,250.00300003600043,250.00310227399197,215.997408,121,25.0,204.5,True,False,1749.490340866043,215.00032964674756,0.0
sub-030,ses-02,nbackarithmetic,2024-02-12 10:12:56,215.997408,33,250.00300003600043,250.00310227399197,215.997408,73,25.0,203.5,True,True,1749.490340866043,215.00032964674756,0.0
sub-030,ses-03,activemotor,2024-02-14 16:51:12,215.998056,33,250.0022500202502,250.00220003611236,215.998056,19,25.0,199.0,True,False,1757.6514879993845,215.0005291607231,0.0
sub-030,ses-03,full,2024-02-12 12:30:16,215.998056,33,250.0022500202502,250.00220003611236,215.998056,73,25.0,203.5,True,False,1757.6514879993845,215.0005291607231,0.0
sub-030,ses-03,mentalarithmetic,2024-02-12 09:16:54,215.998056,33,250.0022500202502,250.00220003611236,215.998056,73,25.0,203.5,True,False,1757.6514879993845,215.0005291607231,0.0
sub-030,ses-03,motorimagery,2023-12-19 17:49:47,215.998056,33,250.0022500202502,250.00220003611236,215.998056,19,25.0,198.0,True,False,1757.6514879993845,215.0005291607231,0.0
sub-030,ses-03,nback,2023-12-14 09:29:59,215.998056,33,250.0022500202502,250.00220003611236,215.998056,121,25.0,204.5,True,False,1757.6514879993845,215.0005291607231,0.0
sub-030,ses-03,nbackarithmetic,2024-02-12 10:13:39,215.998056,33,250.0022500202502,250.00220003611236,215.998056,73,25.0,203.5,True,True,1757.6514879993845,215.0005291607231,0.0
