sub,ses,task,eeg_fs,n_bins,eeg_ok_bins,eeg_std_uV_median,ecg_beats,ecg_coverage,hr_file,rmssd_file,clock_source
sub-001,ses-01,activemotor,250.00100000400002,21,19,527.3258781215219,216,0.9923281809017415,60.74501604637645,100.08062367970864,declared_unverified
sub-001,ses-01,full,250.00100000400002,21,20,528.6136527367314,220,0.9876287284299579,61.881755486616875,94.16996967750512,declared_unverified
sub-001,ses-01,mentalarithmetic,250.00100000400002,21,20,634.3749981267007,227,0.9952956059378151,63.64818084057806,82.40564611297584,declared_unverified
sub-001,ses-01,motorimagery,250.00100000400002,21,20,561.0765854806613,209,0.9882068945069281,58.73915306855726,111.13662607237464,declared_unverified
sub-001,ses-01,nback,250.00100000400002,21,20,759.9916493002363,260,0.9749807277974343,74.41997875560317,48.701198143821465,event_matched
sub-001,ses-01,nbackarithmetic,250.00100000400002,21,20,533.7617710294924,235,0.9900328121602656,65.95967299541962,97.80292650030079,declared_unverified
sub-001,ses-01,passivemotor,250.00100000400002,21,19,534.2035858730211,208,0.9934054476092585,58.15084543257939,124.65039712197313,declared_unverified
sub-001,ses-02,activemotor,250.00125000625005,21,20,544.5165402919057,210,0.9887293763670735,58.708137970554304,110.18740799568593,declared_unverified
sub-001,ses-02,full,250.00125000625005,21,20,600.5953430641775,189,0.9675366449914388,53.360109818180014,154.35608687635718,declared_unverified
sub-001,ses-02,mentalarithmetic,250.00125000625005,21,20,618.137341141372,216,0.990966180706078,60.546917208428106,96.06564808527585,declared_unverified
sub-001,ses-02,motorimagery,250.00125000625005,21,19,552.0841587175029,196,0.9903401724120867,54.9493581791694,129.9020429233466,declared_unverified
sub-001,ses-02,nback,250.00125000625005,21,19,527.6164244683539,190,0.8870611756089354,59.459416294421736,,event_matched
sub-001,ses-02,nbackarithmetic,250.00125000625005,21,20,648.2543832307659,190,0.9736779595593693,54.45661855740232,126.46635686654444,event_matched
sub-001,ses-02,passivemotor,250.00125000625005,21,18,570.3309913786344,200,0.9848471352078941,56.105931006641626,139.57042194877215,declared_unverified
sub-001,ses-03,activemotor,250.00075000225,21,19,733.6605998562583,189,0.9856988633388766,52.9431278880545,153.91573124388603,declared_unverified
sub-001,ses-03,mentalarithmetic,250.00075000225,21,20,738.8066689208829,190,0.970111222752171,53.218477362187244,136.03054581611556,declared_unverified
sub-001,ses-03,motorimagery,250.00075000225,21,20,715.9682328086548,203,0.9849808146362261,56.948269433771316,112.5881456288399,declared_unverified
sub-001,ses-03,nback,250.00075000225,21,19,673.3387199786025,217,0.9754267777315146,61.7975592328267,86.91787601562609,event_matched
sub-001,ses-03,nbackarithmetic,250.00075000225,21,19,708.0868721238905,200,0.979979405964292,56.099827013061514,130.51366285828004,declared_unverified
sub-001,ses-03,passivemotor,250.00075000225,21,19,734.1843065027448,198,0.9828291617529364,55.65321814056989,126.6460846388541,declared_unverified
sub-002,ses-01,activemotor,250.00100000400002,21,19,268.07565111277074,244,0.9839804979975623,68.63431105286253,57.48683180387953,declared_unverified
sub-002,ses-01,full,250.00100000400002,21,20,268.98675273235165,263,0.9967921756553599,73.63148032114951,44.24505500822968,declared_unverified
sub-002,ses-01,mentalarithmetic,250.00100000400002,21,20,263.89560623836894,246,0.9843851547382851,69.1730896992077,64.72979066143768,declared_unverified
sub-002,ses-01,motorimagery,250.00100000400002,21,20,284.2964200276719,243,0.994403474652547,68.19555121938035,62.666732882878286,declared_unverified
sub-002,ses-01,nback,250.00100000400002,21,20,294.29635669097144,286,0.968032117482888,82.44962223760835,25.92787916567073,event_matched
sub-002,ses-01,nbackarithmetic,250.00100000400002,21,20,1776.0467847827742,263,0.9910288826814272,73.77808581050694,44.9343940374576,declared_unverified
sub-002,ses-01,passivemotor,250.00100000400002,21,20,277.46137159390645,231,0.9926892015509389,64.65869603763801,78.15966248399668,declared_unverified
sub-002,ses-02,activemotor,250.00100000400002,21,20,241.6871235679389,245,0.9830369798171584,68.98407942609629,63.56561420379289,declared_unverified
sub-002,ses-02,full,250.00100000400002,21,20,219.18624113063862,256,0.9762820929320348,72.03402333208145,68.4075419699265,declared_unverified
sub-002,ses-02,mentalarithmetic,250.00100000400002,21,19,195.59632148106454,254,0.9941186521028706,71.30302405520395,62.14757584838513,declared_unverified
sub-002,ses-02,motorimagery,250.00100000400002,21,19,230.58154450622752,243,0.9877897057160252,68.36964502855703,58.03169886617533,declared_unverified
sub-002,ses-02,nback,250.00100000400002,21,19,253.9975233218752,263,0.9803417631048896,74.01304953671543,48.69033355354147,declared_unverified
sub-002,ses-02,nbackarithmetic,250.00100000400002,21,20,215.6728830428782,243,0.9731513099475154,69.68484797924594,64.2811347064333,event_matched
sub-002,ses-02,passivemotor,250.00100000400002,21,19,233.93474776233944,248,0.9789171485569762,69.84456273847327,68.22840006624729,declared_unverified
sub-002,ses-03,activemotor,250.00075000225,21,19,3332.6243508431185,237,0.9593944987645775,66.90264184491966,60.56556308104781,declared_unverified
sub-002,ses-03,full,250.00075000225,21,19,147.1529708980591,253,0.9771807370232567,71.3966388279763,58.49910922333264,declared_unverified
sub-002,ses-03,mentalarithmetic,250.00075000225,21,19,171.98043100877743,252,0.9894628556045879,70.79243999382727,59.56554617283324,declared_unverified
sub-002,ses-03,motorimagery,250.00075000225,21,18,166.01782190933324,251,0.9793583494370895,70.66798463450856,58.57156865217964,declared_unverified
sub-002,ses-03,nback,250.00075000225,21,20,186.33010013969772,250,0.973707613471393,71.36469871337107,63.571387175664185,event_matched
sub-002,ses-03,nbackarithmetic,250.00075000225,21,20,176.70468509753707,241,0.9582263755492102,69.3140845195309,70.4226571291918,event_matched
sub-003,ses-01,activemotor,250.00200001600012,21,20,333.7771579310364,216,0.9964580182694154,60.4933210530534,109.66607902524007,declared_unverified
sub-003,ses-01,full,250.00200001600012,21,20,324.49386268836577,267,0.9942574479939695,74.9419675703799,63.577952520197435,declared_unverified
sub-003,ses-01,mentalarithmetic,250.00200001600012,21,20,280.35936783260235,241,0.9949714628173855,67.59570478540644,79.69412364756467,declared_unverified
sub-003,ses-01,motorimagery,250.00200001600012,21,19,252.0087614511564,215,0.9952547277145439,60.2860588812518,94.10877082524286,declared_unverified
sub-003,ses-01,nback,250.00200001600012,21,20,310.6437977958099,0,,,,event_matched
sub-003,ses-01,nbackarithmetic,250.00200001600012,21,20,544.4425178259556,233,0.9947912033373755,65.36370593811218,85.38683104124482,declared_unverified
sub-003,ses-01,passivemotor,250.00200001600012,21,20,231.52743776147273,218,0.9965961391696827,61.04498283746468,86.48696764382437,declared_unverified
sub-003,ses-02,activemotor,250.00075000225,21,19,474.2287101033028,231,0.9968556643969353,64.66834415614687,101.27958887467108,declared_unverified
sub-003,ses-02,full,250.00075000225,21,20,501.8322238651899,243,0.9951457111026843,68.14463033957638,80.00266476320836,declared_unverified
sub-003,ses-02,mentalarithmetic,250.00075000225,21,20,536.3378740930185,206,0.995136289872413,57.76924588323699,119.40073730453261,declared_unverified
sub-003,ses-02,motorimagery,250.00075000225,21,20,458.31249528076654,215,0.9622185113042987,60.615629600994886,109.44967230671762,declared_unverified
sub-003,ses-02,nback,250.00075000225,21,20,347.7565583509933,244,0.9891867829560523,68.55513820600667,78.05057578613136,declared_unverified
sub-003,ses-02,passivemotor,250.00075000225,21,20,436.0272661082019,262,0.9993452244961408,73.16405909407793,57.52865406486887,declared_unverified
sub-003,ses-03,activemotor,250.00050000099998,21,20,539.9012001305357,211,0.9913546633561869,59.11562144324282,115.27896308912878,declared_unverified
sub-003,ses-03,full,250.00050000099998,21,20,558.4862362358427,240,0.9964920200509738,67.21240490583007,85.7720369792494,declared_unverified
sub-003,ses-03,mentalarithmetic,250.00050000099998,21,20,580.9213107175678,199,0.9896923699084915,55.83120312750524,107.66759535181818,declared_unverified
sub-003,ses-03,motorimagery,250.00050000099998,21,20,542.1477799034054,199,0.9878443322141655,55.9356509281703,110.3116766030043,declared_unverified
sub-003,ses-03,nback,250.00050000099998,21,19,554.1800027807243,208,0.9760060754826999,59.1874790863103,109.6451159063543,event_matched
sub-003,ses-03,nbackarithmetic,250.00050000099998,21,20,584.6836312660787,224,0.9948461849542458,62.83535861123758,101.88819919999263,declared_unverified
sub-003,ses-03,passivemotor,250.00050000099998,21,20,561.7641560735575,192,0.9936000526667231,53.9264263984979,108.8496303966201,declared_unverified
sub-004,ses-01,activemotor,250.00025000025002,21,20,1544.064774583684,267,0.9994470315003801,74.55276713234315,29.030529782132813,declared_unverified
sub-004,ses-01,full,250.00025000025002,21,20,1731.106852287517,289,0.9962092244557966,80.95796305583018,24.67635858515356,declared_unverified
sub-004,ses-01,mentalarithmetic,250.00025000025002,21,20,1838.7528393963817,290,0.9964539424300966,81.21814324598645,21.667175025433238,declared_unverified
sub-004,ses-01,motorimagery,250.00025000025002,21,20,1856.3142385980384,272,0.9955927234051565,76.24291262964437,29.271167329722694,declared_unverified
sub-004,ses-01,nback,250.00025000025002,21,20,1547.5360593529517,287,0.9730951411716814,82.30739966807329,25.03104950699259,event_matched
sub-004,ses-01,nbackarithmetic,250.00025000025002,21,20,1699.9838147521566,281,0.9752881907105998,80.40547888995371,24.66020417736282,event_matched
sub-004,ses-01,passivemotor,250.00025000025002,21,20,2159.22636507167,265,0.9966374809108215,74.20291161745395,31.76267515847239,declared_unverified
sub-004,ses-02,activemotor,250.00075000225,21,20,1264.1985387078564,269,0.9934061444472421,75.56803382315204,28.35923007157061,declared_unverified
sub-004,ses-02,full,250.00075000225,21,20,1214.6496685237994,285,0.9940926085159549,80.00749993701864,24.52404834037322,declared_unverified
sub-004,ses-02,mentalarithmetic,250.00075000225,21,20,1333.3106556484324,280,0.9940783566667775,78.60498651083756,25.84936736289528,declared_unverified
sub-004,ses-02,motorimagery,250.00075000225,21,20,1191.9809550758894,270,0.9885035083302058,75.66050984554325,72.75002540613121,declared_unverified
sub-004,ses-02,nback,250.00075000225,21,20,1447.045775759155,278,0.9934774036931292,78.0907307296765,23.944566008072382,declared_unverified
sub-004,ses-02,passivemotor,250.00075000225,21,20,1400.418626773459,271,0.9943182627945976,76.06004169112651,26.724881420038482,declared_unverified
sub-004,ses-03,activemotor,250.00075000225,21,20,1723.2710857859772,270,0.9962822119776508,75.62985239446897,26.797154349655127,declared_unverified
sub-004,ses-03,full,250.00075000225,21,19,1159.2552632310683,282,0.9962231994693596,78.99585830734969,23.17164251495499,declared_unverified
sub-004,ses-03,mentalarithmetic,250.00075000225,21,19,1163.1425194583844,274,0.9943347992040393,76.90061072709622,69.92842353424568,declared_unverified
sub-004,ses-03,motorimagery,250.00075000225,21,20,1198.3245695750013,272,0.9944669872226117,76.32914511576263,75.29345432189874,declared_unverified
sub-004,ses-03,nback,250.00075000225,21,20,1171.2212923663074,273,0.9796454056401795,77.76883729014845,33.270219528555494,event_matched
sub-004,ses-03,nbackarithmetic,250.00075000225,21,20,1123.5450225015404,275,0.9742162548773838,78.7751406471625,31.02883227711777,event_matched
sub-004,ses-03,passivemotor,250.00075000225,21,20,940.4108444958337,0,,,,declared_unverified
sub-005,ses-01,activemotor,250.0,21,20,750.2061789212918,237,0.994407175114112,66.51146937539237,38.8265058837462,declared_unverified
sub-005,ses-01,full,250.0,21,20,911.7017938552747,246,0.9860543178257347,69.33901865781408,40.862002791153856,declared_unverified
sub-005,ses-01,mentalarithmetic,250.0,21,20,1098.7287308482812,242,0.9947685501826278,67.88999319619538,39.452658791680804,declared_unverified
sub-005,ses-01,motorimagery,250.0,21,20,1332.542505570375,241,0.9936601716167776,67.68487102423896,46.211377458885785,declared_unverified
sub-005,ses-01,nback,250.0,21,20,862.2452448865753,231,0.9939245332440809,64.85911449289459,37.044698647925976,declared_unverified
sub-005,ses-01,nbackarithmetic,250.0,21,20,1325.5518300227648,241,0.994351392385415,67.63782006324791,42.52499452087524,declared_unverified
sub-005,ses-01,passivemotor,250.0,21,20,2395.3133324145833,229,0.9950498891621434,64.22484611401731,45.407856376154726,declared_unverified
sub-005,ses-02,activemotor,250.00025000025002,21,20,1900.0848723581905,244,0.9958051291829536,68.37975604751428,36.55286777220924,declared_unverified
sub-005,ses-02,full,250.00025000025002,21,20,1799.4056029682727,243,0.9931523500810373,68.28140968320392,46.62468756532219,declared_unverified
sub-005,ses-02,motorimagery,250.00025000025002,21,20,2142.361001378859,252,0.9973853560873296,70.50982437286373,45.82179241812081,declared_unverified
sub-005,ses-02,nback,250.00025000025002,21,20,1629.07462638576,235,0.995814662980265,65.85692141955313,45.51840193662291,declared_unverified
sub-005,ses-02,nbackarithmetic,250.00025000025002,21,19,2518.323249523654,238,0.9771760892363428,67.96983335138398,42.503158127356976,event_matched
sub-005,ses-02,passivemotor,250.00025000025002,21,20,2707.4423496604627,242,0.9966274192010678,67.76331042264982,38.00221485332288,declared_unverified
sub-005,ses-03,activemotor,250.00050000099998,21,20,2909.5603090950503,236,0.9855477364817995,66.54299235283992,47.792335142049865,declared_unverified
sub-005,ses-03,full,250.00050000099998,21,20,2897.5450251105376,243,0.9953811120732133,68.12852826891357,42.361124363531594,declared_unverified
sub-005,ses-03,mentalarithmetic,250.00050000099998,21,19,2864.11101864023,245,0.9855094650127013,69.09413049002465,41.26788994799524,declared_unverified
sub-005,ses-03,motorimagery,250.00050000099998,21,20,2405.9926951364127,248,0.9857247420263786,69.92837316896289,42.40756967943692,declared_unverified
sub-005,ses-03,nback,250.00050000099998,21,20,3125.474965274118,232,0.9737553400659226,66.20247968819878,40.840575673192454,event_matched
sub-005,ses-03,nbackarithmetic,250.00050000099998,21,20,2955.9156613321193,243,0.9963283309333933,68.06375782639071,39.83440930662665,declared_unverified
sub-006,ses-01,activemotor,250.00075000225,21,20,913.6896339130602,0,0.0,,,declared_unverified
sub-006,ses-01,full,250.00075000225,21,20,1231.146587749558,0,0.0,,,declared_unverified
sub-006,ses-01,mentalarithmetic,250.00075000225,21,20,1885.606816204251,0,0.0,,,declared_unverified
sub-006,ses-01,motorimagery,250.00075000225,21,20,949.8442829474868,288,0.9973036515791723,80.58929411549227,36.108099716031056,declared_unverified
sub-006,ses-01,nback,250.00075000225,21,20,1178.8840193932963,313,0.978121528275253,89.30253618923128,44.08867233065607,event_matched
sub-006,ses-01,nbackarithmetic,250.00075000225,21,20,912.1505728652933,0,,,,event_matched
sub-006,ses-01,passivemotor,250.00075000225,21,20,959.326979379018,285,0.9963665060914457,79.82483203531619,39.06192903027894,declared_unverified
sub-006,ses-02,activemotor,250.00100000400002,21,20,858.7091083338976,0,0.0,,,declared_unverified
sub-006,ses-02,full,250.00100000400002,21,19,761.4132196750521,0,0.0,,,declared_unverified
sub-006,ses-02,mentalarithmetic,250.00100000400002,21,20,772.5296486856794,0,0.0,,,declared_unverified
sub-006,ses-02,motorimagery,250.00100000400002,21,20,874.4900650199572,293,0.9975954120556972,81.9644428008164,26.23124053109236,declared_unverified
sub-006,ses-02,nback,250.00100000400002,21,20,677.3617693971132,290,0.9961379421664555,81.24391239491668,27.939994352614594,declared_unverified
sub-006,ses-02,passivemotor,250.00100000400002,21,19,899.4239052831066,286,0.9956038530376616,80.1662886487198,30.63568973420789,declared_unverified
sub-006,ses-03,activemotor,250.00075000225,21,19,156.5686205243235,0,0.0,,,declared_unverified
sub-006,ses-03,full,250.00075000225,21,19,502.03752507216393,0,0.0,,,declared_unverified
sub-006,ses-03,mentalarithmetic,250.00075000225,21,20,162.69246028459798,0,0.0,,,declared_unverified
sub-006,ses-03,nback,250.00075000225,21,20,155.94519010459516,286,0.982051444694252,81.27262545486609,24.66214779153734,event_matched
sub-006,ses-03,nbackarithmetic,250.00075000225,21,20,978.5782944278645,0,0.0,,,event_matched
sub-006,ses-03,passivemotor,250.00075000225,21,20,151.83784293608238,293,0.9951604680720103,82.1650265558128,28.933495209803546,declared_unverified
sub-007,ses-01,full,250.00100000400002,21,20,235.56524533991393,353,0.9970347191886194,98.80449894952609,23.966425788761377,declared_unverified
sub-007,ses-01,mentalarithmetic,250.00100000400002,21,20,233.9347255872027,336,0.9972982469468766,94.02135770424067,21.11275920833454,declared_unverified
sub-007,ses-01,motorimagery,250.00100000400002,21,20,233.47973675967864,315,0.9968186739093274,88.18742973421195,30.957070936310544,declared_unverified
sub-007,ses-01,nback,250.00100000400002,21,20,249.43794962613435,351,0.9706938139826404,100.91068424835085,13.656897734045659,event_matched
sub-007,ses-01,nbackarithmetic,250.00100000400002,21,20,233.88605815055863,343,0.9957075839015403,96.13346620222335,25.69045041361968,declared_unverified
sub-007,ses-01,passivemotor,250.00100000400002,21,20,288.8761745266336,360,0.9972697574594974,100.74004677624548,16.466616246868043,declared_unverified
sub-007,ses-02,full,250.00100000400002,21,20,205.5555472299914,333,0.9962470162946604,93.28027290032469,20.38927928462373,declared_unverified
sub-007,ses-02,mentalarithmetic,250.00100000400002,21,19,215.62956767607088,326,0.9949904688016868,91.43475124283077,28.32292085760935,declared_unverified
sub-007,ses-02,motorimagery,250.00100000400002,21,18,208.04098652279018,317,0.9910161613901984,88.70384084054598,29.354690186619244,declared_unverified
sub-007,ses-02,nback,250.00100000400002,21,19,226.1991503914434,331,0.995111839866349,92.82580163840595,23.435444554354696,declared_unverified
sub-007,ses-02,passivemotor,250.00100000400002,21,20,223.46449489846964,309,0.9932841344220239,86.5346070871751,26.15283895310689,declared_unverified
sub-007,ses-03,activemotor,250.00100000400002,21,19,187.39679951728874,319,0.995554660856385,89.42063534949399,29.050998887503006,declared_unverified
sub-007,ses-03,full,250.00100000400002,21,20,189.22270960511133,334,0.9962509473285336,93.55993202168354,22.510839837084358,declared_unverified
sub-007,ses-03,mentalarithmetic,250.00100000400002,21,19,201.35578756595777,323,0.9886249526335733,90.61198466440717,23.735271961080826,declared_unverified
sub-007,ses-03,motorimagery,250.00100000400002,21,19,185.09204794038675,325,0.9967956612353164,90.98910646380084,22.34306551273585,declared_unverified
sub-007,ses-03,nback,250.00100000400002,21,19,185.3377951063921,322,0.9734961159530126,92.02016071649886,21.50796167972563,event_matched
sub-007,ses-03,nbackarithmetic,250.00100000400002,21,20,181.03756024857935,331,0.968707370215991,95.06781536321988,19.32699630524173,event_matched
sub-007,ses-03,passivemotor,250.00100000400002,21,20,185.24081481854768,0,,,,declared_unverified
sub-008,ses-03,activemotor,250.00025000025002,21,16,966.7851880371164,266,0.9949012169915288,74.61283152327798,34.23599336833795,declared_unverified
sub-008,ses-03,full,250.00025000025002,21,20,925.8506956682521,277,0.9975168264569134,77.49459017521711,31.369895081061625,declared_unverified
sub-008,ses-03,mentalarithmetic,250.00025000025002,21,19,957.1647738022987,256,0.997526286165649,71.61886986262883,39.89182758658585,declared_unverified
sub-008,ses-03,motorimagery,250.00025000025002,21,20,925.4063059304788,262,0.9964691637144493,73.37519604545221,34.24529035325052,declared_unverified
sub-008,ses-03,nback,250.00025000025002,21,20,943.1723486793742,255,0.9826650837420716,72.41799600860074,35.302389882371514,event_matched
sub-008,ses-03,nbackarithmetic,250.00025000025002,21,20,992.696548957714,272,0.9972921583744436,76.11291356864317,30.86081684603245,declared_unverified
sub-008,ses-03,passivemotor,250.00025000025002,21,16,948.2867125741541,249,0.9958542826466373,69.7774989330793,37.117317881758545,declared_unverified
sub-009,ses-01,activemotor,249.99975000025003,21,0,7369.048388892049,238,0.9948962369553331,66.75919110072108,49.94643399719123,declared_unverified
sub-009,ses-01,full,249.99975000025003,21,0,7310.622350416624,260,0.9979889224332612,72.70420405493894,34.76487530449331,declared_unverified
sub-009,ses-01,mentalarithmetic,249.99975000025003,21,0,7360.824629961479,242,0.9971545391874866,67.72746061665367,41.04201087425372,declared_unverified
sub-009,ses-01,motorimagery,249.99975000025003,21,0,7354.377204765353,235,0.996301138659757,65.82473700328606,35.680494445301974,declared_unverified
sub-009,ses-01,nback,249.99975000025003,21,0,7365.925870049791,249,0.9839327739082891,70.62294394230618,34.14709983255914,event_matched
sub-009,ses-01,nbackarithmetic,249.99975000025003,21,0,7140.4727152986425,256,0.9978462928185989,71.59591011367867,35.82953789509453,declared_unverified
sub-009,ses-01,passivemotor,249.99975000025003,21,0,7357.959634147076,227,0.9959516961038344,63.60620412583877,48.38280703523035,declared_unverified
sub-009,ses-02,activemotor,250.00025000025002,21,0,7258.158162367367,236,0.995942598649605,66.12874588390594,44.654906669462946,declared_unverified
sub-009,ses-02,full,250.00025000025002,21,0,7352.127044206557,243,0.9901398213500124,68.20738991034034,40.00571805755984,declared_unverified
sub-009,ses-02,mentalarithmetic,250.00025000025002,21,0,7356.252022930203,238,0.9956126508674279,66.71125988910336,43.71108114227337,declared_unverified
sub-009,ses-02,motorimagery,250.00025000025002,21,0,7355.593723825294,235,0.9940824582544328,65.97175600130299,43.72887447079597,declared_unverified
sub-009,ses-02,nback,250.00025000025002,21,0,7355.783754953539,240,0.993895966029724,67.38805254264662,40.10568962777101,declared_unverified
sub-009,ses-02,nbackarithmetic,250.00025000025002,21,0,7326.791928342134,248,0.9944195788144833,69.59765492811657,37.679859852088924,declared_unverified
sub-009,ses-02,passivemotor,250.00025000025002,21,0,7325.744811650255,232,0.9946825806698418,65.0902687144451,39.806940459178584,declared_unverified
sub-009,ses-03,activemotor,250.00025000025002,21,0,7213.519087973815,240,0.994445366397193,67.35069623408175,41.556882428892045,declared_unverified
sub-009,ses-03,full,250.00025000025002,21,0,7332.0419995032835,242,0.9931106422322846,68.00322456863248,41.06549091587958,declared_unverified
sub-009,ses-03,mentalarithmetic,250.00025000025002,21,0,7298.408658853391,244,0.99698442426685,68.29882453470378,41.501494029372985,declared_unverified
sub-009,ses-03,motorimagery,250.00025000025002,21,0,7350.530906968849,238,0.9956781489296128,66.70674618439314,47.094838437960284,declared_unverified
sub-009,ses-03,nback,250.00025000025002,21,0,7362.845955737227,240,0.9808681633911003,68.28296634896691,41.00497223322311,event_matched
sub-009,ses-03,nbackarithmetic,250.00025000025002,21,0,7318.071330628111,236,0.9706526635214907,67.85157431232093,39.9275079737983,event_matched
sub-009,ses-03,passivemotor,250.00025000025002,21,0,7358.351641887222,246,0.9888717669092719,68.85914487139132,40.643350010936445,declared_unverified
sub-010,ses-01,activemotor,250.00075000225,21,0,7350.153216574082,248,0.997161739569575,69.40615699371236,44.15580172192168,declared_unverified
sub-010,ses-01,full,250.00075000225,21,0,7345.462106710758,266,0.9975817729780125,74.41235600670767,46.943464309900314,declared_unverified
sub-010,ses-01,mentalarithmetic,250.00075000225,21,0,7352.219206210809,254,0.9944157408126797,71.28163463175325,41.80280290664903,declared_unverified
sub-010,ses-01,motorimagery,250.00075000225,21,0,7357.167778092052,229,0.996780553181571,64.11325846806606,47.11411247286598,declared_unverified
sub-010,ses-01,nback,250.00075000225,21,0,7355.1889735323,297,0.9835822779892782,84.26702821106761,42.850538002792064,event_matched
sub-010,ses-01,nbackarithmetic,250.00075000225,21,0,7355.932309637649,261,0.9772259342708415,74.53451799523683,47.43683561094048,event_matched
sub-010,ses-01,passivemotor,250.00075000225,21,0,7340.503780736677,237,0.9948382021598944,66.48257252665725,44.44290090772317,declared_unverified
sub-010,ses-02,activemotor,250.00075000225,21,0,7346.313703760937,245,0.9963580149233747,68.62199424025755,38.535781160862015,declared_unverified
sub-010,ses-02,full,250.00075000225,21,0,7356.838120735198,259,0.9944372086229353,72.68337205154236,44.14001764953703,declared_unverified
sub-010,ses-02,mentalarithmetic,250.00075000225,21,0,7348.121744845824,247,0.9983080350078513,69.04703851255704,39.68684034353259,declared_unverified
sub-010,ses-02,motorimagery,250.00075000225,21,0,7364.3070385656465,230,0.9961754287731428,64.43245513070515,44.8553710067589,declared_unverified
sub-010,ses-02,nback,250.00075000225,21,0,7356.305249907189,262,0.9981838764256935,73.2492884446976,46.484508444835704,declared_unverified
sub-010,ses-02,nbackarithmetic,250.00075000225,21,0,7346.770506025774,256,0.9824912054337638,72.71499241133967,39.3419706150478,event_matched
sub-010,ses-02,passivemotor,250.00075000225,21,0,7365.875350646985,246,0.998434628072012,68.75877670980857,43.038803266133066,declared_unverified
sub-010,ses-03,activemotor,250.00050000099998,21,0,7353.5792937954375,246,0.9936261880955682,69.09146599849826,38.985274982416485,declared_unverified
sub-010,ses-03,full,250.00050000099998,21,0,7355.814749641397,233,0.9951539567505236,65.33982648553052,40.84498274705304,declared_unverified
sub-010,ses-03,mentalarithmetic,250.00050000099998,21,0,7351.1745474548625,243,0.9948328334026668,68.166107207744,43.61116527770753,declared_unverified
sub-010,ses-03,motorimagery,250.00050000099998,21,0,7364.144509258486,255,0.9965917135579737,71.40608763392062,34.35494272068207,declared_unverified
sub-010,ses-03,nback,250.00050000099998,21,0,7356.5718678147105,237,0.983720019364711,67.23403351006115,45.460020320788615,event_matched
sub-010,ses-03,nbackarithmetic,250.00050000099998,21,0,7356.334607059992,255,0.9785382562515661,72.72348809964669,47.272999245308114,event_matched
sub-011,ses-01,activemotor,250.00025000025002,21,0,7356.507474678411,212,0.9961932514740509,59.38878547997499,62.077632471537804,declared_unverified
sub-011,ses-01,full,250.00025000025002,21,0,7356.198316318345,222,0.9911824514974021,62.50453784341985,57.921090086904655,declared_unverified
sub-011,ses-01,mentalarithmetic,250.00025000025002,21,0,7357.86621474971,211,0.9924692054719881,59.330443312134534,74.80817628299863,declared_unverified
sub-011,ses-01,motorimagery,250.00025000025002,21,0,7348.97588159998,192,0.9928681235283816,53.96620009921775,113.47251317867695,declared_unverified
sub-011,ses-01,nback,250.00025000025002,21,0,7353.741694993788,207,0.9773784272898869,59.10439480242044,84.34380466562644,event_matched
sub-011,ses-01,nbackarithmetic,250.00025000025002,21,0,7357.898046851373,225,0.9895916441261748,62.88702091699801,55.82529100883069,declared_unverified
sub-011,ses-01,passivemotor,250.00025000025002,21,0,7357.372431932285,199,0.9880957014146996,55.92144160928192,88.24331133904438,declared_unverified
sub-011,ses-02,activemotor,250.00025000025002,21,0,7337.683730890944,208,0.9987319621000266,58.12020832001422,79.9856138447384,declared_unverified
sub-011,ses-02,full,250.00025000025002,21,0,7356.927171097874,210,0.9918928325435478,59.08365025595346,87.43781336421668,declared_unverified
sub-011,ses-02,mentalarithmetic,250.00025000025002,21,0,7357.18341197631,207,0.9910653222057532,58.28822645756658,85.545724902347,declared_unverified
sub-011,ses-02,motorimagery,250.00025000025002,21,0,7359.823900374199,208,0.9951103874452079,58.331729248787695,106.31830375739096,declared_unverified
sub-011,ses-02,nback,250.00025000025002,21,0,7366.50965243887,201,0.9870543309213841,55.98051736435926,101.0386175105402,declared_unverified
sub-011,ses-02,nbackarithmetic,250.00025000025002,21,0,7322.642910315147,211,0.9603817256511168,60.441081023023294,76.94585840860461,event_matched
sub-011,ses-02,passivemotor,250.00025000025002,21,0,7335.261185275217,205,0.9974906965933347,57.35321704159592,90.30625851967251,declared_unverified
sub-011,ses-03,activemotor,250.00050000099998,21,0,7352.176548149948,204,0.987107641004109,57.391057505462605,98.49490094821643,declared_unverified
sub-011,ses-03,full,250.00050000099998,21,0,7356.843845713517,214,0.9831079031228536,59.895469146477645,84.73051556441135,declared_unverified
sub-011,ses-03,mentalarithmetic,250.00050000099998,21,0,7344.158688913368,204,0.9944809442099668,57.246165883500495,97.13048063643848,declared_unverified
sub-011,ses-03,motorimagery,250.00050000099998,21,0,7356.035375778284,212,0.9978156771279552,59.29229230063708,75.72230518214047,declared_unverified
sub-011,ses-03,nback,250.00050000099998,21,0,7357.346776710144,210,0.9828967519118893,59.62441045194456,75.41364972142173,event_matched
sub-011,ses-03,nbackarithmetic,250.00050000099998,21,0,7357.29745787917,180,0.9759141997975861,51.472299552591906,142.4381550067381,event_matched
sub-011,ses-03,passivemotor,250.00050000099998,21,0,7352.318646964974,213,0.9937819608909125,59.813772880738945,59.01941597924137,declared_unverified
sub-012,ses-01,motorimagery,249.99975000025003,21,0,7367.668278863193,292,0.9963809997836973,81.7842886920788,20.738702888389287,declared_unverified
sub-012,ses-01,nback,249.99975000025003,21,0,7364.111470407013,308,0.996513572413729,86.25414310735863,14.544360172140674,declared_unverified
sub-012,ses-01,passivemotor,249.99975000025003,21,0,7359.594643325693,0,,,,declared_unverified
sub-012,ses-02,motorimagery,250.00075000225,21,0,7356.5257993354,294,0.9959278690964567,82.38188113408933,19.018020077395946,declared_unverified
sub-012,ses-02,nback,250.00075000225,21,0,7349.619987453796,295,0.996716248523242,82.59670781759516,15.630921954451056,declared_unverified
sub-012,ses-02,passivemotor,250.00075000225,21,0,7356.260756394993,0,,,,declared_unverified
sub-012,ses-03,motorimagery,250.00050000099998,21,0,7361.170905166975,287,0.9963131217972426,80.38935081952157,16.891615703048146,declared_unverified
sub-012,ses-03,nback,250.00050000099998,21,0,7342.813243728481,301,0.9976064368008597,84.20148054545903,14.40514065784953,declared_unverified
sub-013,ses-01,nback,250.00050000099998,21,0,7344.676533724753,249,0.9799923682949189,70.90691458072823,52.66626802093141,event_matched
sub-013,ses-01,passivemotor,250.00050000099998,21,0,7345.146606320953,250,0.9950440451759713,70.11479009813968,55.246709072173026,declared_unverified
sub-013,ses-02,motorimagery,250.00050000099998,21,0,7345.670874795387,254,0.9968349650382151,71.108718697574,64.06372691309559,declared_unverified
sub-013,ses-02,nback,250.00050000099998,21,0,7354.3952360339445,270,0.9945762176205537,75.75967335756434,48.92946115312561,declared_unverified
sub-013,ses-02,passivemotor,250.00050000099998,21,0,7359.321918184009,257,0.9978690623642021,71.87402472976511,51.41671592575516,declared_unverified
sub-013,ses-03,motorimagery,250.00050000099998,21,0,7361.596583824858,238,0.9955526904942541,66.71526314230853,74.63636442172194,declared_unverified
sub-013,ses-03,nback,250.00050000099998,21,0,7353.2285547408965,259,0.9806398912724751,73.70597659064038,55.3615634682029,event_matched
sub-013,ses-03,passivemotor,250.00050000099998,21,0,7271.732351422309,254,0.9895508007949769,71.35015538501317,58.260694983247724,declared_unverified
sub-014,ses-02,full,250.00050000099998,21,20,317.31242063114263,192,0.2741674086375414,102.80587311084825,,declared_unverified
sub-014,ses-02,mentalarithmetic,250.00050000099998,21,20,326.40479202932283,298,0.4024775157814704,113.02079554381045,,declared_unverified
sub-014,ses-02,motorimagery,250.00050000099998,21,20,349.1053194106064,0,,,,declared_unverified
sub-014,ses-02,nback,250.00050000099998,21,20,330.7879077555307,0,,,,declared_unverified
sub-014,ses-02,nbackarithmetic,250.00050000099998,21,20,315.8527718254583,196,0.2517682249722386,100.8678708136803,,declared_unverified
sub-014,ses-03,full,250.00050000099998,21,20,267.2868175108035,264,0.9570572903613854,75.23053285573998,78.12625990945898,declared_unverified
sub-014,ses-03,mentalarithmetic,250.00050000099998,21,20,278.90739201394615,276,0.9800310761365345,77.73832301862721,55.623837357731965,declared_unverified
sub-014,ses-03,motorimagery,250.00050000099998,21,20,275.24763290832834,221,0.7630670141847526,74.97276855667525,,declared_unverified
sub-014,ses-03,nback,250.00050000099998,21,20,264.7955022897849,281,0.9897824670442584,78.66414281166291,53.099611693464624,declared_unverified
sub-014,ses-03,nbackarithmetic,250.00050000099998,21,20,298.36962557471776,265,0.9913914089519322,74.3140864820472,55.79815496202867,declared_unverified
sub-015,ses-01,activemotor,250.00025000025002,21,20,122.82191768883493,339,0.9979858872562016,94.79555642226816,17.8875850298158,declared_unverified
sub-015,ses-01,full,250.00025000025002,21,20,172.70287646695007,381,0.9972695515459362,106.616666094042,7.951714734542781,declared_unverified
sub-015,ses-01,mentalarithmetic,250.00025000025002,21,20,150.28795421641868,366,0.9963206393063637,102.51670525478882,9.9078540752537,declared_unverified
sub-015,ses-01,motorimagery,250.00025000025002,21,20,120.4679612624646,325,0.9958764181353874,91.07319951157899,14.69760550275548,declared_unverified
sub-015,ses-01,nback,250.00025000025002,21,20,141.15934684449107,353,0.998830140057586,98.62698300698547,11.303048404846793,declared_unverified
sub-015,ses-01,nbackarithmetic,250.00025000025002,21,20,134.66822427135057,361,0.9970672099654392,101.04049137726672,8.674363101739772,declared_unverified
sub-015,ses-02,activemotor,250.00025000025002,21,20,132.3274429262159,337,0.9992069398576678,94.12100353263381,17.95713961387551,declared_unverified
sub-015,ses-02,full,250.00025000025002,21,20,116.61297760479748,351,0.99823480161868,98.12654317297076,12.958467358440204,declared_unverified
sub-015,ses-02,mentalarithmetic,250.00025000025002,21,20,117.03129778442272,329,0.9979789757663147,91.99973908028028,13.147232239243001,declared_unverified
sub-015,ses-02,motorimagery,250.00025000025002,21,20,119.65414932592017,332,0.9955207218940416,93.06789029324061,13.199640730180795,declared_unverified
sub-015,ses-02,nback,250.00025000025002,21,20,138.24090032847727,339,0.9958625982603843,94.99754154433789,11.958372335647667,declared_unverified
sub-015,ses-02,nbackarithmetic,250.00025000025002,21,20,103.92445870870375,347,0.9976882645704451,97.06143344329683,10.777521315500293,declared_unverified
sub-015,ses-03,full,250.00025000025002,21,20,137.9130015140386,228,0.9969039306912642,63.82539874657381,19.71390357897194,declared_unverified
sub-015,ses-03,mentalarithmetic,250.00025000025002,21,20,153.86457909767378,231,0.9975352992416825,64.62427817065699,23.46734897177276,declared_unverified
sub-015,ses-03,motorimagery,250.00025000025002,21,20,153.87456598484127,0,,,,declared_unverified
sub-015,ses-03,nback,250.00025000025002,21,20,134.22482742900124,242,0.9973597315164324,67.71354243635633,16.03388622301632,declared_unverified
sub-015,ses-03,nbackarithmetic,250.00025000025002,21,20,132.0364533091942,237,0.9933588131621773,66.58159502546305,27.11473020638764,declared_unverified
sub-016,ses-01,activemotor,250.00050000099998,21,20,1034.1058481804705,208,0.9926351477179672,58.47706612139034,38.937226850457506,declared_unverified
sub-016,ses-01,full,250.00050000099998,21,20,1045.5329536598701,205,0.9936096449717727,57.57712185274603,30.47181901027996,declared_unverified
sub-016,ses-01,mentalarithmetic,250.00050000099998,21,20,1051.4680050707882,203,0.9894055311647794,56.975602280415124,60.368756879644124,declared_unverified
sub-016,ses-01,motorimagery,250.00050000099998,21,20,1048.7649005134165,212,0.9939463822427212,59.5229973947364,39.12916196408864,declared_unverified
sub-016,ses-01,nback,250.00050000099998,21,20,1037.7558645185572,204,0.9795610680693985,58.11798393182445,39.192228277126326,event_matched
sub-016,ses-01,nbackarithmetic,250.00050000099998,21,20,1067.7692839618544,208,0.9964055847366179,58.255786656257214,27.595109118670457,declared_unverified
sub-016,ses-01,passivemotor,250.00050000099998,21,20,1041.5468771980504,207,0.9931453557042529,58.16602942099111,40.46459556055574,declared_unverified
sub-016,ses-02,activemotor,250.0,21,21,11.26540288777959,209,0.9977492940733131,58.45707921458189,24.99984613426718,declared_unverified
sub-016,ses-02,full,250.0,21,21,10.68202305551068,209,0.9985571736089244,58.409784698797296,31.7612739958128,declared_unverified
sub-016,ses-02,mentalarithmetic,250.0,21,21,8.800319039132066,204,0.9942235322661408,57.26092830701126,24.959903814946973,declared_unverified
sub-016,ses-02,motorimagery,250.0,21,21,11.762852006998084,207,0.9968717252486875,57.94864997143438,48.14486597002727,declared_unverified
sub-016,ses-02,nback,250.0,21,21,10.381305621368467,206,0.9940583428403289,57.83191868301618,22.19816853112918,declared_unverified
sub-016,ses-02,nbackarithmetic,250.0,21,21,10.609655034938326,210,0.9955321422487443,58.86759096607271,39.58244012941009,declared_unverified
sub-016,ses-02,passivemotor,250.0,21,20,10.582799973392351,205,0.9956586154028815,57.458682063054624,25.588535117419294,declared_unverified
sub-016,ses-03,activemotor,250.00050000099998,21,19,978.6908092537499,193,0.9964876874508756,54.050196953277506,41.31493521786556,declared_unverified
sub-016,ses-03,full,250.00050000099998,21,19,1019.1181867098355,214,0.9956653808939536,59.98080292087816,44.98253313969965,declared_unverified
sub-016,ses-03,mentalarithmetic,250.00050000099998,21,20,1013.0520392163946,200,0.9934397057335779,56.18241333843559,36.33865708876829,declared_unverified
sub-016,ses-03,motorimagery,250.00050000099998,21,20,1013.4750601330358,192,0.9948197280940906,53.860297553625145,50.58153611661222,declared_unverified
sub-016,ses-03,nback,250.00050000099998,21,19,1034.4428978987976,205,0.9805759258730846,58.34243394029711,23.42762606567978,event_matched
sub-016,ses-03,nbackarithmetic,250.00050000099998,21,20,997.519124954598,196,0.9947133729873593,54.9882658223255,30.171720975977333,declared_unverified
sub-017,ses-01,activemotor,250.00025000025002,21,13,418.79460361574894,296,0.9975353303477182,82.80858842948074,31.46025290267424,declared_unverified
sub-017,ses-01,full,250.00025000025002,21,11,385.9646067552563,288,0.9957419116818168,80.71563305438448,30.87965928748138,declared_unverified
sub-017,ses-01,mentalarithmetic,250.00025000025002,21,17,314.3005668886108,283,0.9957137293884954,79.31656486212393,27.099254809340426,declared_unverified
sub-017,ses-01,motorimagery,250.00025000025002,21,18,552.8983294303742,287,0.9946018098156365,80.52757268079071,28.013977609211512,declared_unverified
sub-017,ses-01,nback,250.00025000025002,21,18,465.56785859212283,285,0.9815354738212115,81.03092877033366,26.504598207906458,event_matched
sub-017,ses-01,nbackarithmetic,250.00025000025002,21,16,566.2546912987096,298,0.9971125959478986,83.40345053928905,16.752620069845207,declared_unverified
sub-017,ses-01,passivemotor,250.00025000025002,21,10,512.9983428396122,288,0.9977454165342953,80.55355346993792,26.139587669630114,declared_unverified
sub-017,ses-02,activemotor,250.00025000025002,21,18,611.295735420128,286,0.9939643602454596,80.29842322361709,21.541282026127778,declared_unverified
sub-017,ses-02,full,250.00025000025002,21,17,617.6675869562245,289,0.9959762401636398,80.97680948860776,16.054709171720432,declared_unverified
sub-017,ses-02,mentalarithmetic,250.00025000025002,21,17,602.141526391488,287,0.9948358300814837,80.50860008784697,20.085133906482916,declared_unverified
sub-017,ses-02,motorimagery,250.00025000025002,21,18,602.4654058718907,292,0.9943341530838913,81.95251605198055,14.553159955927981,declared_unverified
sub-017,ses-02,nback,250.00025000025002,21,14,624.7006325254805,0,,,,declared_unverified
sub-017,ses-02,nbackarithmetic,250.00025000025002,21,14,610.5114531640443,291,0.9950659808690391,81.61179064910503,18.158276969954745,declared_unverified
sub-017,ses-03,activemotor,250.00050000099998,21,18,626.2174426349061,281,0.9953320944497147,78.78632317441715,25.342208258684227,declared_unverified
sub-017,ses-03,full,250.00050000099998,21,15,629.7442310405474,285,0.9965536510246781,79.80988716008612,15.928455619116104,declared_unverified
sub-017,ses-03,mentalarithmetic,250.00050000099998,21,14,619.4058656772387,297,0.9965640472508479,83.16943582311332,16.158156714844026,declared_unverified
sub-017,ses-03,nback,250.00050000099998,21,18,624.4488801569154,288,0.994419825603306,80.8230499347098,13.804590817508194,declared_unverified
sub-017,ses-03,nbackarithmetic,250.00050000099998,21,12,602.3478249971355,288,0.9868903587997557,81.15691161852354,17.608896876667032,declared_unverified
sub-018,ses-01,activemotor,250.0,21,20,297.8604472219602,285,0.9966087578892576,79.80542709074142,14.531003021624516,declared_unverified
sub-018,ses-01,full,250.0,21,20,304.2106433951517,281,0.996824777148806,78.66829922687454,19.17746068614661,declared_unverified
sub-018,ses-01,mentalarithmetic,250.0,21,20,348.5582332140139,279,0.9952814106317913,78.22950389073351,19.07960288510109,declared_unverified
sub-018,ses-01,motorimagery,250.0,21,20,305.82214744939813,274,0.9976992647537251,76.64135530258551,26.821412475518056,declared_unverified
sub-018,ses-01,nback,250.0,21,20,339.42387204643444,276,0.9958149521764591,77.34686301595154,22.050619158252726,declared_unverified
sub-018,ses-01,nbackarithmetic,250.0,21,20,307.43714894504853,278,0.9988912746437634,77.66741338591353,24.29286193598967,declared_unverified
sub-018,ses-01,passivemotor,250.0,21,20,305.00682702361684,0,,,,declared_unverified
sub-018,ses-02,activemotor,249.99975000025003,21,21,6.430793345844125,265,0.9993380632044571,74.00246547581473,29.26816868475653,declared_unverified
sub-018,ses-02,full,249.99975000025003,21,21,6.3971214332622655,275,0.997769903415016,76.9157073554096,23.616714807534873,declared_unverified
sub-018,ses-02,mentalarithmetic,249.99975000025003,21,21,6.554875998650298,264,0.9955214196968224,74.00585193393165,29.44237468847942,declared_unverified
sub-018,ses-02,motorimagery,249.99975000025003,21,21,6.298835948542642,265,0.9976595806157589,74.12696871543203,23.97576660277164,declared_unverified
sub-018,ses-02,nback,249.99975000025003,21,21,6.571879746054087,261,0.9955792078297667,73.16062950779309,25.369128616588473,declared_unverified
sub-018,ses-02,nbackarithmetic,249.99975000025003,21,21,6.5198305813497806,263,0.9933596181780452,73.88597211143176,29.935228414193592,declared_unverified
sub-018,ses-02,passivemotor,249.99975000025003,21,20,7.798164100450354,265,0.996937228953956,74.18067895663968,27.749063709307787,declared_unverified
sub-018,ses-03,full,250.0,21,21,6.585030603375583,259,0.995251696472429,72.62388553846958,34.860325320775885,declared_unverified
sub-018,ses-03,nback,250.0,21,21,6.678115389146491,0,,,,declared_unverified
sub-018,ses-03,nbackarithmetic,250.0,21,21,6.679064455380821,274,0.9933700480028277,76.97543381153076,27.10859163568271,declared_unverified
sub-019,ses-01,activemotor,250.0,21,20,15.907554967923469,191,0.9928475742073969,53.68621628051163,36.293772001027136,declared_unverified
sub-019,ses-01,full,250.0,21,20,13.095799254901577,226,0.9957513702940616,63.33875679885816,34.78794152672267,declared_unverified
sub-019,ses-01,mentalarithmetic,250.0,21,18,16.767505450782227,197,0.9938215993335893,55.318424583397174,36.00141570713252,declared_unverified
sub-019,ses-01,motorimagery,250.0,21,18,15.193255091388362,190,0.9972816081598759,53.16769095479493,43.113531825578065,declared_unverified
sub-019,ses-01,nback,250.0,21,15,18.225078479837695,195,0.975247227423116,55.79970404633376,38.366743264065036,event_matched
sub-019,ses-01,nbackarithmetic,250.0,21,18,19.01842683378985,201,0.9937093122546984,56.44801911391054,43.293645930755595,declared_unverified
sub-019,ses-01,passivemotor,250.0,21,20,13.446795565628733,198,0.9916489749234229,55.721042278380544,40.81644372551362,declared_unverified
sub-019,ses-02,activemotor,249.99975000025003,21,19,14.634737765729373,190,0.9910448934664675,53.50223520388103,37.51394418612661,declared_unverified
sub-019,ses-02,full,249.99975000025003,21,19,14.84050250836561,201,0.9953691327934586,56.353843558505446,35.431629116927226,declared_unverified
sub-019,ses-02,mentalarithmetic,249.99975000025003,21,17,15.61045466848338,0,,,,declared_unverified
sub-019,ses-02,motorimagery,249.99975000025003,21,20,13.83299047320667,196,0.9939172366800325,55.03227953991666,43.49228848856376,declared_unverified
sub-019,ses-02,nback,249.99975000025003,21,20,15.062993069432931,209,0.9936053672982676,58.70079873383417,44.52363725336782,declared_unverified
sub-019,ses-02,nbackarithmetic,249.99975000025003,21,19,15.63703950665023,196,0.993393086458579,55.06131656654905,38.0786560739569,declared_unverified
sub-019,ses-02,passivemotor,249.99975000025003,21,19,15.247348110903776,196,0.9900725948056713,54.96411319456833,41.04780313366909,declared_unverified
sub-019,ses-03,activemotor,250.0,21,18,17.082270937420645,185,0.9951504946547908,51.879363017652594,46.562270445835715,declared_unverified
sub-019,ses-03,full,250.0,21,18,14.197381842142713,179,0.9904950744342681,50.43271872251471,46.70569254896986,declared_unverified
sub-019,ses-03,mentalarithmetic,250.0,21,20,14.254216212462966,191,0.993047031546701,53.67539135662626,47.43792437444519,declared_unverified
sub-019,ses-03,motorimagery,250.0,21,16,13.90384469240201,190,0.9963097598589998,53.21951178507677,50.537141569747035,declared_unverified
sub-019,ses-03,nback,250.0,21,20,14.989362675130403,0,,,,event_matched
sub-019,ses-03,nbackarithmetic,250.0,21,19,12.148987144552851,188,0.9967057984242386,52.63838235369387,42.790149804021105,declared_unverified
sub-019,ses-03,passivemotor,250.0,21,21,12.245697026482874,184,0.9940804036970593,51.654478381246264,45.318391479826644,declared_unverified
sub-020,ses-01,activemotor,250.0,21,20,175.0816294928071,239,0.9931132170208717,67.16018888167422,43.432575737164164,declared_unverified
sub-020,ses-01,full,250.0,21,20,284.2723486340504,238,0.9935968245746631,66.84663219441713,35.39944318479213,declared_unverified
sub-020,ses-01,mentalarithmetic,250.0,21,20,205.78001885405854,245,0.9976136742017833,68.53563812211026,43.47987583873787,declared_unverified
sub-020,ses-01,motorimagery,250.0,21,20,240.87661358385427,244,0.9944689037700248,68.47174381068778,37.77600811806256,declared_unverified
sub-020,ses-01,nbackarithmetic,250.0,21,20,227.7930987168422,247,0.9956501746801055,69.23137365105177,37.510044049264565,declared_unverified
sub-020,ses-01,passivemotor,250.0,21,20,259.30584307300734,242,0.9979598632156995,67.67294255779956,39.85614108176973,declared_unverified
sub-020,ses-02,activemotor,250.0,21,21,14.86644753080661,246,0.9988897900049605,68.72735541531989,42.823309287030085,declared_unverified
sub-020,ses-02,full,250.0,21,20,13.022648230090795,247,0.992829565705797,69.42795150651581,40.91757075161059,declared_unverified
sub-020,ses-02,mentalarithmetic,250.0,21,21,12.411983697376188,248,0.9973727654727316,69.39150001043564,42.82842452575105,declared_unverified
sub-020,ses-02,motorimagery,250.0,21,19,16.368700730087753,252,0.9975092451884339,70.50107044073832,33.74885418968369,declared_unverified
sub-020,ses-02,nback,250.0,21,21,13.028964603995199,251,0.9975039959685992,70.22167381760589,43.70956669012889,declared_unverified
sub-020,ses-02,nbackarithmetic,250.0,21,21,15.492354740459191,248,0.996994821644633,69.41780515122682,46.81648503309688,declared_unverified
sub-020,ses-03,full,250.0,21,21,12.847725901557457,250,0.9884901986239127,70.2973646697916,36.69433108269053,declared_unverified
sub-020,ses-03,mentalarithmetic,250.0,21,21,13.04061415281417,238,0.9965208360379073,66.65038125799772,46.2713378894551,declared_unverified
sub-020,ses-03,motorimagery,250.0,21,21,12.97556850216406,245,0.9935687394521615,68.81454301653983,40.26461387918204,declared_unverified
sub-020,ses-03,nback,250.0,21,20,14.160752215413376,236,0.9948954952615864,66.1982644056687,54.12693205760091,declared_unverified
sub-021,ses-01,activemotor,250.00050000099998,21,19,693.5680436884599,22,0.0,,,declared_unverified
sub-021,ses-01,full,250.00050000099998,21,20,736.4636383502111,49,0.049800478850758174,78.45109586142057,,declared_unverified
sub-021,ses-01,mentalarithmetic,250.00050000099998,21,20,699.235758510139,59,0.027879755254056927,90.0861547896138,,declared_unverified
sub-021,ses-01,motorimagery,250.00050000099998,21,20,731.4046191426229,0,,,,declared_unverified
sub-021,ses-01,nback,250.00050000099998,21,20,749.3805091738569,0,,,,declared_unverified
sub-021,ses-01,nbackarithmetic,250.00050000099998,21,20,711.8026874156606,22,0.0,,,declared_unverified
sub-021,ses-02,motorimagery,250.00025000025002,21,20,666.5630327379206,0,,,,declared_unverified
sub-021,ses-02,nback,250.00025000025002,21,20,728.9760898922608,0,,,,declared_unverified
sub-021,ses-02,nbackarithmetic,250.00025000025002,21,19,690.4836303064546,384,0.5398291273643143,119.41437842275367,,declared_unverified
sub-021,ses-03,activemotor,250.00050000099998,21,20,716.7401075740569,397,0.5294834679262532,121.22002364122295,,declared_unverified
sub-021,ses-03,mentalarithmetic,250.00050000099998,21,20,745.4257247719496,394,0.5385748387424452,120.21007215433953,,declared_unverified
sub-021,ses-03,motorimagery,250.00050000099998,21,20,698.1709345174754,0,,,,declared_unverified
sub-021,ses-03,nback,250.00050000099998,21,19,734.7601312050799,0,,,,declared_unverified
sub-021,ses-03,nbackarithmetic,250.00050000099998,21,19,737.5412194487701,399,0.5410127482350551,121.731629971306,,declared_unverified
sub-022,ses-01,activemotor,250.00075000225,21,20,581.7167526536435,238,0.9974366840154111,66.58922045973334,50.044913252075276,declared_unverified
sub-022,ses-01,full,250.00075000225,21,20,537.6559069098677,0,,,,declared_unverified
sub-022,ses-01,mentalarithmetic,250.00075000225,21,19,518.3899842447076,0,,,,declared_unverified
sub-022,ses-01,motorimagery,250.00075000225,21,19,539.0744892995273,0,,,,declared_unverified
sub-022,ses-01,nback,250.00075000225,21,19,528.0395152666698,0,,,,declared_unverified
sub-022,ses-01,passivemotor,250.00075000225,21,19,572.0882395052942,240,0.9974236854556515,67.14966883302834,46.95410704098491,declared_unverified
sub-022,ses-02,full,250.00075000225,21,18,747.2383922754382,404,0.5648475475033142,119.55918972940782,,declared_unverified
sub-022,ses-02,mentalarithmetic,250.00075000225,21,18,652.9674238468809,397,0.5078435704816615,121.43983256786957,,declared_unverified
sub-022,ses-02,motorimagery,250.00075000225,21,19,827.4353494617434,0,,,,declared_unverified
sub-022,ses-02,nback,250.00075000225,21,19,792.850551779174,0,,,,declared_unverified
sub-022,ses-02,nbackarithmetic,250.00075000225,21,19,696.6717258653883,405,0.5757291206363234,119.23829430246813,,declared_unverified
sub-022,ses-03,activemotor,250.00075000225,21,20,1165.296579204642,402,0.594062168647804,119.78371919836306,,declared_unverified
sub-022,ses-03,full,250.00075000225,21,19,1043.3634241886707,406,0.5775433896980858,121.76022239465283,,declared_unverified
sub-022,ses-03,mentalarithmetic,250.00075000225,21,19,1140.805833762777,399,0.5815056643785925,119.97080377729243,,declared_unverified
sub-022,ses-03,motorimagery,250.00075000225,21,20,984.0072767523247,0,,,,declared_unverified
sub-022,ses-03,nback,250.00075000225,21,18,1218.2873486041244,0,,,,declared_unverified
sub-022,ses-03,nbackarithmetic,250.00075000225,21,20,1087.3938445949118,382,0.5613594508622133,118.31108242788909,,declared_unverified
sub-023,ses-01,activemotor,250.00050000099998,21,20,357.3511329334208,332,0.4655736215823417,109.08993353008995,,declared_unverified
sub-023,ses-01,full,250.00050000099998,21,20,345.212136495308,331,0.48346807157780003,114.28758273045514,,declared_unverified
sub-023,ses-01,mentalarithmetic,250.00050000099998,21,20,381.242652458693,327,0.4560813879553093,115.64346871086708,,declared_unverified
sub-023,ses-01,motorimagery,250.00050000099998,21,20,333.23513236289875,0,,,,declared_unverified
sub-023,ses-01,nback,250.00050000099998,21,20,323.80580532072577,0,,,,declared_unverified
sub-023,ses-01,nbackarithmetic,250.00050000099998,21,20,421.0824347559031,330,0.47229539467708237,108.12821513739289,,declared_unverified
sub-023,ses-02,motorimagery,250.0022500202502,21,20,298.254550130492,0,,,,declared_unverified
sub-023,ses-02,nback,250.0022500202502,21,20,304.12857251857815,0,,,,declared_unverified
sub-023,ses-03,full,250.0022500202502,21,20,293.96968539806113,306,0.43033817208661096,113.48428201367724,,declared_unverified
sub-023,ses-03,motorimagery,250.0022500202502,21,20,294.69109343787284,0,,,,declared_unverified
sub-023,ses-03,nback,250.0022500202502,21,20,287.05414046966763,0,,,,declared_unverified
sub-023,ses-03,nbackarithmetic,250.0022500202502,21,20,286.2220421276103,315,0.47185954099424215,107.04672141176266,,declared_unverified
sub-024,ses-01,activemotor,250.00200001600012,21,20,1969.7406245210932,246,0.9794902311837748,69.23382057023976,46.25366570159079,declared_unverified
sub-024,ses-01,full,250.00200001600012,21,20,2021.1987509453002,250,0.9975273365259079,69.94027509701613,39.204982484951394,declared_unverified
sub-024,ses-01,mentalarithmetic,250.00200001600012,21,20,2043.5961638954861,244,0.9969681657402729,68.29999452475312,42.909822511959234,declared_unverified
sub-024,ses-01,motorimagery,250.00200001600012,21,20,2036.3316903643445,250,0.999168938832359,69.82536548318518,41.93701449371188,declared_unverified
sub-024,ses-01,nback,250.00200001600012,21,20,1921.2807861713893,250,0.9985122979097786,69.87128398865215,37.437806314400724,declared_unverified
sub-024,ses-01,nbackarithmetic,250.00200001600012,21,20,1999.1123114927198,258,0.9951393181707421,72.3515690530998,36.90650440802983,declared_unverified
sub-024,ses-02,activemotor,250.0022500202502,21,20,1441.4906187265378,245,0.9964119526826261,68.61822129473113,42.451714220129745,declared_unverified
sub-024,ses-02,full,250.0022500202502,21,20,1738.2526370828948,226,0.9036221949267865,68.87003026665373,41.320767285925804,declared_unverified
sub-024,ses-02,mentalarithmetic,250.0022500202502,21,18,1492.2772763955786,234,0.994561865784605,65.65931606531394,47.65453325865094,declared_unverified
sub-024,ses-02,motorimagery,250.0022500202502,21,20,1615.761973159859,245,0.9950638866095501,68.71118205571042,43.83965879944601,declared_unverified
sub-024,ses-02,nback,250.0022500202502,21,19,1571.5433479347064,230,0.9970210033281177,64.37775520042436,43.83915911839041,declared_unverified
sub-024,ses-02,nbackarithmetic,250.0022500202502,21,19,1672.7654752600567,247,0.9941949063998736,69.33263722357842,41.832478145460975,declared_unverified
sub-024,ses-03,full,250.00200001600012,21,20,1202.1190007848309,242,0.9959656595302985,67.80844320933824,37.64678614951504,declared_unverified
sub-024,ses-03,mentalarithmetic,250.00200001600012,21,20,1304.9463212074775,255,0.9991154107715357,71.22579325541741,37.99579259044324,declared_unverified
sub-024,ses-03,motorimagery,250.00200001600012,21,20,1237.7809108785243,249,0.9942041509221715,69.89346110421573,35.95362062459076,declared_unverified
sub-024,ses-03,nback,250.00200001600012,21,20,1272.718576599921,238,0.9956281861830231,66.71024661808609,45.30610037363128,declared_unverified
sub-024,ses-03,nbackarithmetic,250.00200001600012,21,20,1174.319720538459,235,0.9925832562087427,65.5091174017925,48.53538844320184,declared_unverified
sub-024,ses-03,passivemotor,250.00200001600012,21,20,1146.7996329498092,245,0.9951398724759806,68.70601010035877,36.39246611534455,declared_unverified
sub-025,ses-01,activemotor,250.00200001600012,21,20,452.19767520620735,203,0.9580170495191161,57.385873307831226,116.9151229755734,declared_unverified
sub-025,ses-01,full,250.00200001600012,21,20,439.5383723812984,211,0.9741649113742946,59.58581166079074,102.56785892171726,declared_unverified
sub-025,ses-01,mentalarithmetic,250.00200001600012,21,20,433.2675962963663,205,0.9617677450123202,57.7424059464198,140.79301939217223,declared_unverified
sub-025,ses-01,motorimagery,250.00200001600012,21,20,494.1693874030242,204,0.9970193148398379,57.10032797949272,123.74368245627218,declared_unverified
sub-025,ses-01,nback,250.00200001600012,21,20,592.5307602269887,212,0.9982587830856052,59.26587874266858,93.77383849794693,declared_unverified
sub-025,ses-01,nbackarithmetic,250.00200001600012,21,20,463.3532442551895,222,0.9824238931722439,62.49363287248833,98.0666137970274,declared_unverified
sub-025,ses-01,passivemotor,250.00200001600012,21,20,542.9136102775744,198,0.9881145179238534,55.63792863397936,109.11663881243301,declared_unverified
sub-025,ses-02,activemotor,250.00200001600012,21,20,415.5253399168871,199,0.9766973446738925,56.002623720702076,149.73072029759166,declared_unverified
sub-025,ses-02,full,250.00200001600012,21,20,3745.458536308343,199,0.9552642862128449,56.09058856461822,144.63173716884904,declared_unverified
sub-025,ses-02,mentalarithmetic,250.00200001600012,21,20,448.1162255077753,221,0.9870499257146845,62.20078568404908,107.6323559568724,declared_unverified
sub-025,ses-02,motorimagery,250.00200001600012,21,20,517.05425808636,205,0.978055918395836,57.63681766452931,105.196222340493,declared_unverified
sub-025,ses-02,nback,250.00200001600012,21,20,421.1832064666831,204,0.9761339728185544,57.464408306313096,135.7564626161278,declared_unverified
sub-025,ses-02,nbackarithmetic,250.00200001600012,21,20,504.5663610078458,191,0.9875434992870604,53.69201171345497,137.4341939521647,declared_unverified
sub-025,ses-02,passivemotor,250.00200001600012,21,20,496.44399016980833,183,0.9967942645753771,51.23395342059171,145.2449955327174,declared_unverified
sub-025,ses-03,activemotor,250.0022500202502,21,20,666.5275251077094,189,0.9697023851474482,53.24089696432613,150.63869330551404,declared_unverified
sub-025,ses-03,full,250.0022500202502,21,20,608.1616402530586,186,0.9822347291161161,52.27747902663017,150.78116366542886,declared_unverified
sub-025,ses-03,mentalarithmetic,250.0022500202502,21,20,541.528687409582,192,0.9967051941644937,53.75843363625645,156.76726313755472,declared_unverified
sub-025,ses-03,motorimagery,250.0022500202502,21,20,624.7367475115364,208,0.976067980226131,58.611912689179576,143.50757176810683,declared_unverified
sub-025,ses-03,nback,250.0022500202502,21,20,662.6721502846644,203,0.956185878396746,57.203927148056934,151.11258928112244,declared_unverified
sub-025,ses-03,nbackarithmetic,250.0022500202502,21,20,569.6110183638705,191,0.9843163214965315,53.86802009803791,164.57994804709855,declared_unverified
sub-025,ses-03,passivemotor,250.0022500202502,21,20,593.5693798034716,208,0.9815123385318607,58.57112366494493,121.64951268971637,declared_unverified
sub-026,ses-01,activemotor,250.0022500202502,21,20,648.3650545171579,347,0.9965894007934261,97.16840828516285,16.05937075683381,declared_unverified
sub-026,ses-01,full,250.0022500202502,21,20,703.7666529649026,345,0.9979437903700439,96.47724486703261,34.468876209837966,declared_unverified
sub-026,ses-01,mentalarithmetic,250.0022500202502,21,20,678.5396400576026,352,0.9979462528965468,98.43451128613522,30.858537822330863,declared_unverified
sub-026,ses-01,motorimagery,250.0022500202502,21,20,662.9868120001886,344,0.998401820299591,96.15346876802634,20.44154279482939,declared_unverified
sub-026,ses-01,nback,250.0022500202502,21,20,741.1907496741098,354,0.9969489296628555,99.09282924753842,36.37584150514632,declared_unverified
sub-026,ses-01,nbackarithmetic,250.0022500202502,21,20,727.3305897537945,347,0.994318951357714,97.10962108905429,30.034307388446887,declared_unverified
sub-026,ses-01,passivemotor,250.0022500202502,21,20,725.5628085507627,327,0.998229443444385,91.41748199203992,29.986160017470777,declared_unverified
sub-026,ses-02,activemotor,250.0022500202502,21,20,660.7498849165114,346,0.9986377511956965,96.68975491646734,20.84828879416248,declared_unverified
sub-026,ses-02,full,250.0022500202502,21,20,644.1493280231923,355,0.9911428969165449,99.67341293104232,30.07280543624147,declared_unverified
sub-026,ses-02,mentalarithmetic,250.0022500202502,21,20,637.4547984439774,339,0.996437769093856,94.94276110485157,25.34918896773526,declared_unverified
sub-026,ses-02,motorimagery,250.0022500202502,21,20,670.0613170676385,335,0.9945584623492328,93.9997784884437,19.533499489869854,declared_unverified
sub-026,ses-02,nback,250.0022500202502,21,20,675.5090126912543,349,0.9947175571001005,97.63191337721412,14.550959666443507,declared_unverified
sub-026,ses-02,nbackarithmetic,250.0022500202502,21,20,643.4021020764518,344,0.985882826715986,96.52535721721303,16.89403677084989,declared_unverified
sub-026,ses-03,activemotor,250.0022500202502,21,20,722.6552424279303,332,0.9876582278481013,93.24360569671427,26.707855036843167,declared_unverified
sub-026,ses-03,full,250.0022500202502,21,20,735.5344002838737,326,0.9960031894747334,91.34161294288484,21.77205688615398,declared_unverified
sub-026,ses-03,mentalarithmetic,250.0022500202502,21,20,751.157159447138,344,0.9886125784909797,96.54099699942964,22.826650785990395,declared_unverified
sub-026,ses-03,motorimagery,250.0022500202502,21,20,749.6723017307963,329,0.9977574005780923,92.02010947046026,23.217764699307864,declared_unverified
sub-026,ses-03,nback,250.0022500202502,21,20,761.0189032242831,337,0.9990954848998306,94.1314416119047,19.523947479762263,declared_unverified
sub-026,ses-03,nbackarithmetic,250.0022500202502,21,20,749.0859258732283,331,0.9956717831157181,92.77342700819953,12.718140710846564,declared_unverified
sub-026,ses-03,passivemotor,250.0022500202502,21,20,733.4424624150298,337,0.9912812718030499,94.31042701196965,24.28444683729579,declared_unverified
sub-027,ses-01,activemotor,250.00275003025033,21,20,315.0441708538254,235,0.9371264527714896,66.70549981489093,119.00565813194842,declared_unverified
sub-027,ses-01,full,250.00275003025033,21,20,280.9046803191819,251,0.9349133079559394,71.34086660806118,87.19026730643652,declared_unverified
sub-027,ses-01,mentalarithmetic,250.00275003025033,21,20,294.8077198011449,247,0.9555423469452279,69.80070093827985,99.93464264915056,declared_unverified
sub-027,ses-01,motorimagery,250.00275003025033,21,20,289.0881123858348,238,0.9628090498653143,66.95509607442885,96.38694742937442,declared_unverified
sub-027,ses-01,nback,250.00275003025033,21,20,277.17149001107435,286,0.9869639447093193,80.30246447315963,56.02911427848287,declared_unverified
sub-027,ses-01,nbackarithmetic,250.00275003025033,21,19,297.4421146846264,250,0.9900547595260076,70.18623603573089,92.61072317172349,declared_unverified
sub-027,ses-02,activemotor,250.0022500202502,21,19,377.14711873368867,214,0.9273944544648589,60.48444475392568,142.19594552426003,declared_unverified
sub-027,ses-02,full,250.0022500202502,21,19,361.9348913680428,218,0.9700916103655244,61.274389108220646,148.05221625830535,declared_unverified
sub-027,ses-02,mentalarithmetic,250.0022500202502,21,20,371.5445215784958,204,0.9458897618538107,57.826603183108006,172.91544986498988,declared_unverified
sub-027,ses-02,motorimagery,250.0022500202502,21,20,390.6776021744198,205,0.9674345021552383,57.69265947755324,170.6072909481917,declared_unverified
sub-027,ses-02,nback,250.0022500202502,21,20,378.8997913454459,202,0.9867042686965649,56.565955038796446,185.5420311545805,declared_unverified
sub-027,ses-02,nbackarithmetic,250.0022500202502,21,20,357.55952486681946,227,0.8838540552107854,65.04273532462179,,declared_unverified
sub-027,ses-03,activemotor,250.00200001600012,21,20,668.2019980661556,207,0.9723467304469166,58.2621869077441,157.25437015560183,declared_unverified
sub-027,ses-03,full,250.00200001600012,21,20,644.0354518433751,205,0.9141541178681675,58.3076918268997,167.61702668432855,declared_unverified
sub-027,ses-03,mentalarithmetic,250.00200001600012,21,20,496.8972005010921,202,0.9316713738070167,56.911856348546756,163.3304386434344,declared_unverified
sub-027,ses-03,motorimagery,250.00200001600012,21,20,665.5743771468526,223,0.9445441368426202,62.93166893718102,127.23872238784301,declared_unverified
sub-027,ses-03,nback,250.00200001600012,21,20,606.6076059205367,212,0.9213499924050698,59.97254183531542,138.507055344063,declared_unverified
sub-027,ses-03,nbackarithmetic,250.00200001600012,21,19,412.18923072006555,199,0.9635263132149211,55.609571891148846,152.6560159582964,declared_unverified
sub-028,ses-01,activemotor,250.0022500202502,21,20,1053.1989953608968,282,0.9969842234375351,78.93571069736203,20.439577643727265,declared_unverified
sub-028,ses-01,full,250.0022500202502,21,20,1007.4791132612761,286,0.9983845840303879,79.94307839675893,20.770493114961898,declared_unverified
sub-028,ses-01,mentalarithmetic,250.0022500202502,21,20,1040.311286413828,276,0.998304563425082,77.15404976874423,24.193300402613488,declared_unverified
sub-028,ses-01,motorimagery,250.0022500202502,21,20,1142.8164958232776,254,0.9951537520911635,71.22889925405605,24.7821378124387,declared_unverified
sub-028,ses-01,nback,250.0022500202502,21,20,1109.5215764298168,258,0.9940834764951975,72.42851017301123,28.560447999905307,declared_unverified
sub-028,ses-01,nbackarithmetic,250.0022500202502,21,20,1069.9619909302296,278,0.9939309372163332,78.05510069766152,21.795336118255793,declared_unverified
sub-028,ses-01,passivemotor,250.0022500202502,21,20,1079.4612416776895,263,0.9958464304558424,73.7014578711251,25.094706468979123,declared_unverified
sub-028,ses-02,full,250.0022500202502,21,19,880.7281240028695,274,0.9884173826041236,76.79646980873021,29.460852560081403,declared_unverified
sub-028,ses-02,mentalarithmetic,250.0022500202502,21,20,941.9258909920792,277,0.9948238104718296,77.70452767789205,42.255541877112606,declared_unverified
sub-028,ses-02,motorimagery,250.0022500202502,21,19,747.3639070890467,268,0.980208987376019,75.44664305941392,25.601185599800043,declared_unverified
sub-028,ses-02,nback,250.0022500202502,21,20,738.4375046646928,253,0.9950279994078521,70.95744131316819,29.800428688180116,declared_unverified
sub-028,ses-02,nbackarithmetic,250.0022500202502,21,20,820.7276546440729,268,0.9944230896848855,74.64885730326468,29.77556303367249,declared_unverified
sub-028,ses-02,passivemotor,250.0022500202502,21,19,786.0088391080834,260,0.9937467138343109,72.45305921967466,25.94094885645305,declared_unverified
sub-028,ses-03,activemotor,250.0022500202502,21,20,454.46775450013735,249,0.9972241869742875,69.6816732478067,30.58540909839286,declared_unverified
sub-028,ses-03,full,250.0022500202502,21,20,509.74234474723875,246,0.9914410311471156,68.68073988041218,45.543667967643174,declared_unverified
sub-028,ses-03,mentalarithmetic,250.0022500202502,21,20,595.0651050820311,261,0.9896473114558898,72.47107463097434,41.28041363913307,declared_unverified
sub-028,ses-03,motorimagery,250.0022500202502,21,19,528.3517272057813,253,0.9958680840020557,70.89746944743105,37.841860796461475,declared_unverified
sub-028,ses-03,nback,250.0022500202502,21,20,465.96664544276376,253,0.9950819004778164,70.95348335177708,31.23729905037516,declared_unverified
sub-028,ses-03,passivemotor,250.0022500202502,21,20,453.0388669932032,246,0.9891486319388965,68.27564921236916,36.436727316048525,declared_unverified
sub-029,ses-01,activemotor,250.0022500202502,21,11,579.8038284430867,252,0.9984954360723597,70.43144896697247,33.83391196724989,declared_unverified
sub-029,ses-01,full,250.0022500202502,21,6,472.03782553519994,265,0.9968577471227412,74.1864948404121,29.6797996701764,declared_unverified
sub-029,ses-01,mentalarithmetic,250.0022500202502,21,16,515.8198345877607,255,0.994863383585936,71.53011119213329,34.79134849408181,declared_unverified
sub-029,ses-01,motorimagery,250.0022500202502,21,20,604.2929336092326,247,0.9951673105229051,69.26486912128908,39.317478327027914,declared_unverified
sub-029,ses-01,nback,250.0022500202502,21,11,557.6697289286216,254,0.9989450469956446,70.95847694085099,33.26355248253216,declared_unverified
sub-029,ses-01,nbackarithmetic,250.0022500202502,21,14,466.50647950760515,261,0.99660656783599,73.0851140243217,32.64201841455209,declared_unverified
sub-029,ses-02,activemotor,250.0022500202502,21,10,629.228148689357,240,0.9987896578171542,67.05784989145882,36.34670062160335,declared_unverified
sub-029,ses-02,full,250.0022500202502,21,18,626.8157425604305,240,0.9948859857663759,67.32096733220247,40.89309453111956,declared_unverified
sub-029,ses-02,mentalarithmetic,250.0022500202502,21,20,636.3347958194081,239,0.9933596805715873,67.14347151650031,35.78771381014753,declared_unverified
sub-029,ses-02,motorimagery,250.0022500202502,21,20,635.5675128738585,241,0.994559830399209,67.62364054960302,42.7355095341883,declared_unverified
sub-029,ses-02,nback,250.0022500202502,21,19,638.2946103937774,250,0.9955459407671277,70.07952057214405,34.332303180757265,declared_unverified
sub-029,ses-02,nbackarithmetic,250.0022500202502,21,19,620.517906587304,244,0.9979640770440131,68.2318799134743,40.17322564869904,declared_unverified
sub-029,ses-03,activemotor,250.0022500202502,21,5,563.0032005790488,235,0.9964957214304672,65.81186357859723,46.0155246302135,declared_unverified
sub-029,ses-03,full,250.0022500202502,21,19,619.7742732794582,242,0.9972403806264929,67.72161010152182,35.88117743877014,declared_unverified
sub-029,ses-03,mentalarithmetic,250.0022500202502,21,19,603.8547929459143,244,0.9951043167043291,68.42786359987716,44.29735844920731,declared_unverified
sub-029,ses-03,motorimagery,250.0022500202502,21,18,561.9147430335057,243,0.9942746272194838,68.20428831854012,34.28829631307017,declared_unverified
sub-029,ses-03,nback,250.0022500202502,21,18,594.8778824747613,252,0.9961272568455825,70.59882644014773,31.016189608645654,declared_unverified
sub-029,ses-03,nbackarithmetic,250.0022500202502,21,18,567.9243735364743,238,0.9991625804888984,66.47411452113928,41.86710454369827,declared_unverified
sub-029,ses-03,passivemotor,250.0022500202502,21,11,575.4711234813877,246,0.9956608785947842,68.95018388670137,35.87930760914377,declared_unverified
sub-030,ses-01,activemotor,250.00150000900004,21,20,540.6714464556777,236,0.9952676600083542,66.17350352966625,52.60290190819168,declared_unverified
sub-030,ses-01,full,250.00150000900004,21,19,689.0306392859371,221,0.9757052457885028,62.35192584318799,83.94971435216573,declared_unverified
sub-030,ses-01,mentalarithmetic,250.00150000900004,21,20,802.9598607903267,219,0.9945567712157496,61.45066040498135,91.1488493046101,declared_unverified
sub-030,ses-01,motorimagery,250.00150000900004,21,20,605.8229034833784,235,0.9887529090659077,66.04502385913446,74.08869356538324,declared_unverified
sub-030,ses-01,nback,250.00150000900004,21,20,743.5383685238949,231,0.9928729506814414,64.927744896347,77.49834386735927,declared_unverified
sub-030,ses-01,nbackarithmetic,250.00150000900004,21,20,567.9243074503482,224,0.9666453054097599,63.225021690398286,82.44578574339842,declared_unverified
sub-030,ses-02,full,250.00300003600043,21,20,359.1970489707956,232,0.9889270247061607,65.18682959224078,74.47506348585806,declared_unverified
sub-030,ses-02,mentalarithmetic,250.00300003600043,21,18,426.4935814034942,222,0.9878503008180443,62.43286456662046,73.25316772482566,declared_unverified
sub-030,ses-02,motorimagery,250.00300003600043,21,20,396.06281842720097,231,0.9876615418154362,64.98779731884628,79.76629279154295,declared_unverified
sub-030,ses-02,nback,250.00300003600043,21,20,349.7911833855211,224,0.9766204694516152,63.150759145668076,76.68990487110503,declared_unverified
sub-030,ses-02,nbackarithmetic,250.00300003600043,21,20,472.2325134685605,223,0.9675733302139358,63.164396387850346,79.54990456857192,declared_unverified
sub-030,ses-03,activemotor,250.0022500202502,21,20,258.2348769407097,210,0.969621271460931,59.28936616215556,71.8182707083426,declared_unverified
sub-030,ses-03,full,250.0022500202502,21,20,306.3478350030682,221,0.9580466583398607,62.627275827644475,67.54783288479301,declared_unverified
sub-030,ses-03,mentalarithmetic,250.0022500202502,21,19,269.7306736789231,211,0.9811429599678219,59.161988753761946,81.27461825048908,declared_unverified
sub-030,ses-03,motorimagery,250.0022500202502,21,20,288.0995469925697,214,0.9919316425683257,59.92521219759565,74.2595715104857,declared_unverified
sub-030,ses-03,nback,250.0022500202502,21,20,324.704868342239,226,0.9749428414166861,63.54560827559273,79.24806869016814,declared_unverified
sub-030,ses-03,nbackarithmetic,250.0022500202502,21,20,265.1169114665741,213,0.9870731629866418,59.937446690183855,74.75674878526111,declared_unverified
